-1.0,-1.0,1.0,-1.0,-1.0,-1.0,-1.0,-1.0,-1.0,-1.0,-1.0,-1.0,-1.0,-1.0,-1.0,-1.0,-1.0,-1.0,1.0,0.775483871,-0.47691247420000005,0.6104780923488629,-0.8217468806,0.29260450160000007,-0.27058823519999997,-0.2705882353539101,-1.0,0.0
-1.0,-1.0,1.0,-1.0,-1.0,-1.0,-1.0,-1.0,-1.0,-1.0,-1.0,-1.0,-1.0,-1.0,1.0,-1.0,-1.0,-1.0,-1.0,0.9483870968000001,-0.199862164,0.34335721825129983,-0.6078431371999999,0.39549839219999994,-0.3882352942,-0.6941176471385468,-1.0,0.0073521323
-1.0,-1.0,1.0,-1.0,-1.0,-1.0,-1.0,-1.0,-1.0,-1.0,-1.0,-1.0,-1.0,-1.0,1.0,-1.0,-1.0,-1.0,-1.0,0.9483870968000001,-0.199862164,0.34335721825129983,-0.6078431371999999,0.23472668819999987,-0.3176470588,-0.5764705882153635,-1.0,0.0006233728
-1.0,-1.0,1.0,-1.0,-1.0,-1.0,-1.0,-1.0,-1.0,-1.0,-1.0,-1.0,-1.0,-1.0,1.0,-1.0,-1.0,-1.0,-1.0,0.8864516130000002,0.1702274293999999,0.6046047221936635,-0.5115864528,0.18327974279999992,0.03529411760000012,-1.0,-1.0,0.0
-1.0,-1.0,1.0,-1.0,-1.0,-1.0,-1.0,-1.0,-1.0,-1.0,-1.0,-1.0,-1.0,-1.0,1.0,-1.0,-1.0,-1.0,-1.0,0.8864516130000002,0.1702274293999999,0.6046047221936635,-0.5115864528,0.38263665599999985,-0.4117647058,-0.7882352941076818,-1.0,0.0012650800999999998
-1.0,-1.0,1.0,-1.0,-1.0,-1.0,-1.0,-1.0,-1.0,-1.0,-1.0,-1.0,-1.0,-1.0,-1.0,-1.0,1.0,-1.0,-1.0,0.9329032258000001,-0.33287387999999996,0.25149770930443616,-0.486631016,0.6784565916,-0.6,-0.2705882353539101,-1.0,0.0081130138
-1.0,-1.0,1.0,-1.0,-1.0,-1.0,-1.0,-1.0,-1.0,-1.0,-1.0,-1.0,1.0,-1.0,-1.0,-1.0,-1.0,-1.0,-1.0,0.8812903226,-0.23294279799999995,0.32432749902858404,-0.6827094474,-0.42122186500000003,0.6235294118000001,0.5764705882153633,-1.0,0.0030251915999999998
-1.0,-1.0,1.0,-1.0,-1.0,-1.0,-1.0,-1.0,-1.0,-1.0,-1.0,-1.0,1.0,-1.0,-1.0,-1.0,-1.0,-1.0,-1.0,0.8812903226,-0.23294279799999995,0.32432749902858404,-0.6827094474,0.23472668819999987,-0.3647058824,-0.4823529412462285,-1.0,0.0038960801
-1.0,-1.0,1.0,-1.0,-1.0,-1.0,-1.0,-1.0,-1.0,-1.0,-1.0,-1.0,1.0,-1.0,-1.0,-1.0,-1.0,-1.0,-1.0,0.8683870968,-0.0351481736,0.45612592503080585,-0.7468805704,0.09967845659999996,-0.43529411760000003,-0.364705882323045,-1.0,0.0014300906
-1.0,-1.0,1.0,-1.0,-1.0,-1.0,-1.0,-1.0,-1.0,-1.0,-1.0,-1.0,1.0,-1.0,-1.0,-1.0,-1.0,-1.0,-1.0,0.9509677419999998,0.14748449340000014,0.5860448726234295,-0.5365418894,0.26045016080000005,-0.10588235299999993,-0.4823529412462285,-1.0,0.0059953797
-1.0,-1.0,1.0,-1.0,-1.0,-1.0,-1.0,-1.0,-1.0,-1.0,-1.0,-1.0,-1.0,1.0,-1.0,-1.0,-1.0,-1.0,-1.0,0.935483871,-0.3032391454000001,0.2709972981796336,-0.47950089119999995,0.27974276519999997,-0.08235294120000003,0.5764705882153633,-1.0,0.0007242125
-1.0,-1.0,1.0,-1.0,-1.0,-1.0,-1.0,-1.0,-1.0,-1.0,-1.0,-1.0,-1.0,1.0,-1.0,-1.0,-1.0,-1.0,-1.0,0.9509677419999998,-0.099931082,0.4044402678653769,-0.1907308378,0.10610932480000002,-0.05882352940000002,-0.2705882353539101,-1.0,0.0001558432
-1.0,-1.0,1.0,-1.0,-1.0,-1.0,-1.0,-1.0,-1.0,-1.0,-1.0,-1.0,-1.0,1.0,-1.0,-1.0,-1.0,-1.0,-1.0,0.8941935484000001,0.04410751200000007,0.5244919535571995,-0.4901960784,0.38263665599999985,-0.7882352942,-0.4823529412462285,-1.0,0.0
-1.0,-1.0,1.0,-1.0,-1.0,-1.0,-1.0,-1.0,-1.0,-1.0,-1.0,-1.0,-1.0,1.0,-1.0,-1.0,-1.0,-1.0,-1.0,0.8941935484000001,0.04410751200000007,0.5244919535571995,-0.4901960784,0.2090032154000001,-0.6,-0.4823529412462285,-1.0,0.0
-1.0,-1.0,1.0,-1.0,-1.0,-1.0,-1.0,-1.0,-1.0,-1.0,-1.0,-1.0,-1.0,1.0,-1.0,-1.0,-1.0,-1.0,-1.0,0.8941935484000001,0.04410751200000007,0.5244919535571995,-0.4901960784,0.08681672019999986,-0.10588235299999993,-0.5764705882153635,-1.0,0.0040335888
-1.0,-1.0,1.0,-1.0,-1.0,-1.0,-1.0,-1.0,-1.0,-1.0,-1.0,-1.0,-1.0,1.0,-1.0,-1.0,-1.0,-1.0,-1.0,0.8941935484000001,0.04410751200000007,0.5244919535571995,-0.4901960784,0.26045016080000005,-0.03529411760000001,-0.4823529412462285,-1.0,0.0004766969
-1.0,-1.0,1.0,-1.0,-1.0,-1.0,-1.0,-1.0,-1.0,-1.0,-1.0,-1.0,-1.0,1.0,-1.0,-1.0,-1.0,-1.0,-1.0,0.8941935484000001,0.04410751200000007,0.5244919535571995,-0.4901960784,0.15112540200000013,0.011764705799999886,-0.15294117643072658,-1.0,0.008498038199999999
-1.0,-1.0,1.0,-1.0,-1.0,-1.0,-1.0,-1.0,-1.0,-1.0,-1.0,-1.0,-1.0,1.0,-1.0,-1.0,-1.0,-1.0,-1.0,0.8941935484000001,0.04410751200000007,0.5244919535571995,-0.4901960784,0.15755626999999994,-0.24705882359999998,-0.2705882353539101,-1.0,0.0028326794
-1.0,-1.0,-1.0,-1.0,-1.0,-1.0,-1.0,-1.0,-1.0,1.0,-1.0,-1.0,-1.0,-1.0,-1.0,1.0,-1.0,-1.0,-1.0,0.695483871,-0.8201240524,-0.19135439919565123,-0.7575757576,-0.8327974276,-0.011764705799999997,0.7882352941076818,-1.0,0.008232188
-1.0,-1.0,-1.0,-1.0,-1.0,-1.0,-1.0,-1.0,-1.0,1.0,-1.0,-1.0,-1.0,-1.0,-1.0,-1.0,-1.0,1.0,-1.0,0.6851612904,-0.8159889732,-0.18877011640749508,-0.8110516934,-0.8135048232,0.08235294120000014,0.6705882351844983,-1.0,0.0102581497
-1.0,-1.0,-1.0,-1.0,-1.0,-1.0,-1.0,-1.0,-1.0,1.0,-1.0,-1.0,-1.0,-1.0,-1.0,-1.0,-1.0,-1.0,1.0,0.7006451612,-0.8256374914,-0.1948784212887711,-0.9286987522,-0.8135048232,0.08235294120000014,-0.05882352946159175,-1.0,0.004931979
-1.0,-1.0,-1.0,-1.0,-1.0,-1.0,-1.0,-1.0,-1.0,1.0,-1.0,-1.0,-1.0,-1.0,-1.0,-1.0,1.0,-1.0,-1.0,0.7212903225999998,-0.8325292902,-0.20028192179148907,-0.9073083778,-0.845659164,-0.8588235294,0.7882352941076818,-1.0,0.0163635364
-1.0,-1.0,-1.0,-1.0,-1.0,-1.0,-1.0,-1.0,-1.0,1.0,-1.0,-1.0,-1.0,-1.0,-1.0,-1.0,1.0,-1.0,-1.0,0.7212903225999998,-0.8325292902,-0.20028192179148907,-0.9073083778,-0.845659164,-0.8588235294,0.7882352941076818,-1.0,0.009836456300000001
-1.0,-1.0,-1.0,-1.0,-1.0,-1.0,-1.0,-1.0,-1.0,1.0,-1.0,-1.0,-1.0,-1.0,-1.0,-1.0,1.0,-1.0,-1.0,0.7212903225999998,-0.8325292902,-0.20028192179148907,-0.9073083778,-0.845659164,-0.8588235294,0.7882352941076818,-1.0,0.020195445700000002
-1.0,-1.0,-1.0,-1.0,-1.0,-1.0,-1.0,-1.0,-1.0,1.0,-1.0,-1.0,-1.0,-1.0,-1.0,-1.0,1.0,-1.0,-1.0,0.7212903225999998,-0.8325292902,-0.20028192179148907,-0.9073083778,-0.845659164,-0.8588235294,0.7882352941076818,-1.0,0.0089564006
-1.0,-1.0,-1.0,-1.0,-1.0,-1.0,-1.0,-1.0,-1.0,1.0,-1.0,-1.0,1.0,-1.0,-1.0,-1.0,-1.0,-1.0,-1.0,0.7032258063999999,-0.8235699518,-0.19346881253165482,-0.853832442,-1.0,0.03529411760000012,-0.05882352946159175,-1.0,0.008498038199999999
-1.0,-1.0,-1.0,-1.0,-1.0,-1.0,-1.0,-1.0,-1.0,1.0,-1.0,-1.0,-1.0,1.0,-1.0,-1.0,-1.0,-1.0,-1.0,0.7212903225999998,-0.8325292902,-0.20028192179148907,-0.9073083778,-0.8135048232,-0.7882352942,0.7882352941076818,-1.0,0.022707271499999997
-1.0,-1.0,-1.0,-1.0,-1.0,-1.0,-1.0,1.0,-1.0,-1.0,-1.0,-1.0,-1.0,-1.0,-1.0,1.0,-1.0,-1.0,-1.0,0.7083870968000001,-0.8180565128,-0.19135439919565123,-0.8787878788,-0.8713826366,-0.15294117640000005,-0.2705882353539101,-1.0,0.0
-1.0,-1.0,-1.0,-1.0,-1.0,-1.0,-1.0,1.0,-1.0,-1.0,-1.0,-1.0,-1.0,-1.0,-1.0,-1.0,-1.0,1.0,-1.0,0.76,-0.9620951068,-0.9779161283366463,-0.8859180036,-0.575562701,-0.5294117648,-0.4823529412462285,-1.0,0.0010083972
-1.0,-1.0,-1.0,-1.0,-1.0,-1.0,-1.0,1.0,-1.0,-1.0,-1.0,-1.0,1.0,-1.0,-1.0,-1.0,-1.0,-1.0,-1.0,0.7161290322,-0.9738111648,-0.9847292377968097,-0.7754010696,-0.6591639871999999,-0.27058823519999997,0.6705882351844983,-1.0,0.022221407400000004
-1.0,-1.0,-1.0,-1.0,-1.0,-1.0,1.0,-1.0,-1.0,-1.0,-1.0,-1.0,-1.0,-1.0,-1.0,1.0,-1.0,-1.0,-1.0,0.9406451612,0.1619572707999999,-0.0543874076171168,-0.5614973262,0.3633440513999999,-0.4117647058,0.27058823535390997,-1.0,0.0
-1.0,-1.0,-1.0,-1.0,-1.0,-1.0,1.0,-1.0,-1.0,-1.0,-1.0,-1.0,-1.0,-1.0,-1.0,-1.0,-1.0,1.0,-1.0,0.8709677419999999,0.25430737419999994,0.006460707070555127,-0.5543672014000001,-0.3311897106,0.7647058824000001,0.5764705882153633,-0.9375,0.0
-1.0,-1.0,-1.0,-1.0,-1.0,-1.0,1.0,-1.0,-1.0,-1.0,-1.0,-1.0,-1.0,-1.0,1.0,-1.0,-1.0,-1.0,-1.0,0.8812903226,-0.28945554780000005,0.09385645481966431,-0.6791443850000001,0.27974276519999997,-0.19999999999999996,-0.5764705882153635,-1.0,0.0
-1.0,-1.0,-1.0,-1.0,-1.0,-1.0,1.0,-1.0,-1.0,-1.0,-1.0,-1.0,-1.0,-1.0,1.0,-1.0,-1.0,-1.0,-1.0,0.8812903226,-0.28945554780000005,0.09385645481966431,-0.6791443850000001,0.4147909968000001,-0.6,-0.7882352941076818,-1.0,0.0
-1.0,-1.0,-1.0,-1.0,-1.0,-1.0,1.0,-1.0,-1.0,-1.0,-1.0,-1.0,-1.0,-1.0,1.0,-1.0,-1.0,-1.0,-1.0,0.8812903226,-0.28945554780000005,0.09385645481966431,-0.6791443850000001,0.4212218649999999,-0.6470588236,-0.7882352941076818,-1.0,0.0
-1.0,-1.0,-1.0,-1.0,-1.0,-1.0,1.0,-1.0,-1.0,-1.0,-1.0,-1.0,-1.0,-1.0,1.0,-1.0,-1.0,-1.0,-1.0,0.8812903226,-0.28945554780000005,0.09385645481966431,-0.6791443850000001,0.06109324760000012,-0.10588235299999993,-0.7882352941076818,-1.0,0.0
-1.0,-1.0,-1.0,-1.0,-1.0,-1.0,1.0,-1.0,-1.0,-1.0,-1.0,-1.0,-1.0,-1.0,1.0,-1.0,-1.0,-1.0,-1.0,0.8812903226,-0.28945554780000005,0.09385645481966431,-0.6791443850000001,0.48553054659999995,-0.43529411760000003,-1.0,-1.0,0.007333797800000001
-1.0,-1.0,-1.0,-1.0,-1.0,-1.0,1.0,-1.0,-1.0,-1.0,-1.0,-1.0,1.0,-1.0,-1.0,-1.0,-1.0,-1.0,-1.0,0.8812903226,-0.317022743,0.07365206156590887,-0.7754010696,0.33118971060000013,-0.4117647058,-0.9058823530308652,-1.0,0.0024201533
-1.0,-1.0,-1.0,-1.0,-1.0,-1.0,1.0,-1.0,-1.0,-1.0,-1.0,-1.0,-1.0,1.0,-1.0,-1.0,-1.0,-1.0,-1.0,0.9199999999999999,0.23569951760000007,-0.009749794437598713,-0.6078431371999999,0.5884244372,-0.694117647,0.05882352946159175,-1.0,0.0792508526
-1.0,-1.0,-1.0,-1.0,-1.0,-1.0,1.0,-1.0,-1.0,-1.0,-1.0,-1.0,-1.0,1.0,-1.0,-1.0,-1.0,-1.0,-1.0,0.8993548387999999,-0.3955892488,0.013978620909276707,-0.696969697,-0.04180064299999997,0.22352941179999997,-0.364705882323045,-1.0,0.0060228814
-1.0,-1.0,-1.0,-1.0,-1.0,1.0,-1.0,-1.0,-1.0,-1.0,-1.0,-1.0,-1.0,-1.0,-1.0,1.0,-1.0,-1.0,-1.0,0.9199999999999999,0.23569951760000007,-0.009749794437598713,-0.6078431371999999,0.2861736334,-0.22352941180000008,-0.9058823530308652,-1.0,0.0
-1.0,-1.0,-1.0,-1.0,-1.0,1.0,-1.0,-1.0,-1.0,-1.0,-1.0,-1.0,-1.0,-1.0,-1.0,1.0,-1.0,-1.0,-1.0,0.8503225806000001,-0.39076498960000006,-0.33865852232746885,-0.7718360072,-0.2218649518000001,-0.27058823519999997,-0.7882352941076818,-1.0,0.0008250522999999999
-1.0,-1.0,-1.0,-1.0,-1.0,1.0,-1.0,-1.0,-1.0,-1.0,-1.0,-1.0,-1.0,-1.0,-1.0,1.0,-1.0,-1.0,-1.0,0.8503225806000001,-0.39076498960000006,-0.33865852232746885,-0.7718360072,-0.15112540200000002,-0.294117647,-0.6941176471385468,-1.0,0.0
-1.0,-1.0,-1.0,-1.0,-1.0,1.0,-1.0,-1.0,-1.0,-1.0,-1.0,-1.0,-1.0,-1.0,-1.0,-1.0,-1.0,1.0,-1.0,0.8709677419999999,0.011026878000000018,-0.13567485028462078,-0.5472370766,0.11897106099999988,-0.3411764706,-0.05882352946159175,-1.0,0.0
-1.0,-1.0,-1.0,-1.0,-1.0,1.0,-1.0,-1.0,-1.0,-1.0,-1.0,-1.0,-1.0,-1.0,1.0,-1.0,-1.0,-1.0,-1.0,-0.10451612900000007,-0.5182632668,-0.47257136146536516,-0.9857397504,-0.459807074,0.7647058824000001,-0.5764705882153635,-1.0,0.0
-1.0,-1.0,-1.0,-1.0,-1.0,1.0,-1.0,-1.0,-1.0,-1.0,-1.0,-1.0,-1.0,-1.0,-1.0,-1.0,1.0,-1.0,-1.0,0.8503225806000001,-0.3645761544,-0.3215082815143514,-0.7326203208,0.18971061099999997,-0.7647058823999999,-0.05882352946159175,-1.0,0.0
-1.0,-1.0,-1.0,-1.0,-1.0,1.0,-1.0,-1.0,-1.0,-1.0,-1.0,-1.0,-1.0,-1.0,-1.0,-1.0,1.0,-1.0,-1.0,0.8503225806000001,-0.3645761544,-0.3215082815143514,-0.7326203208,0.08681672019999986,-0.43529411760000003,0.05882352946159175,-1.0,0.0032268709999999996
-1.0,-1.0,-1.0,-1.0,-1.0,1.0,-1.0,-1.0,-1.0,-1.0,-1.0,-1.0,1.0,-1.0,-1.0,-1.0,-1.0,-1.0,-1.0,0.8683870968,-0.3590627154,-0.47656525321096677,-0.7468805704,0.09324758840000014,-0.45882352939999993,-0.15294117643072658,-1.0,0.0
-1.0,-1.0,-1.0,-1.0,-1.0,1.0,-1.0,-1.0,-1.0,-1.0,-1.0,-1.0,1.0,-1.0,-1.0,-1.0,-1.0,-1.0,-1.0,0.8683870968,-0.3590627154,-0.47656525321096677,-0.7468805704,0.09324758840000014,-0.45882352939999993,-0.15294117643072658,-1.0,0.0
-1.0,-1.0,-1.0,-1.0,-1.0,-1.0,-1.0,-1.0,-1.0,-1.0,1.0,-1.0,-1.0,-1.0,1.0,-1.0,-1.0,-1.0,-1.0,0.7135483869999999,-0.8146106134,-0.7544931283139663,-0.8752228164,-0.4147909968,0.8588235294,-0.05882352946159175,-1.0,0.0
-1.0,-1.0,-1.0,1.0,-1.0,-1.0,-1.0,-1.0,-1.0,-1.0,-1.0,-1.0,-1.0,-1.0,-1.0,1.0,-1.0,-1.0,-1.0,0.8296774194000001,-0.427980703,0.6562903793590922,-0.7967914438,0.08038585200000004,-0.12941176480000005,-0.6941176471385468,-1.0,0.0
-1.0,-1.0,-1.0,1.0,-1.0,-1.0,-1.0,-1.0,-1.0,-1.0,-1.0,-1.0,-1.0,-1.0,-1.0,1.0,-1.0,-1.0,-1.0,0.8296774194000001,-0.427980703,0.6562903793590922,-0.7967914438,-0.04180064299999997,-0.10588235299999993,0.05882352946159175,-1.0,0.0003758571
-1.0,-1.0,-1.0,1.0,-1.0,-1.0,-1.0,-1.0,-1.0,-1.0,-1.0,-1.0,-1.0,-1.0,-1.0,1.0,-1.0,-1.0,-1.0,0.8296774194000001,-0.427980703,0.6562903793590922,-0.7967914438,0.3890675241999999,-0.5294117648,-0.364705882323045,-1.0,0.0047486340999999994
-1.0,-1.0,-1.0,1.0,-1.0,-1.0,-1.0,-1.0,-1.0,-1.0,-1.0,-1.0,-1.0,-1.0,-1.0,1.0,-1.0,-1.0,-1.0,0.9019354838,-0.27842866980000003,0.7591918242377973,-0.6470588236,-0.11254019299999996,-0.294117647,-0.7882352941076818,-1.0,0.0
-1.0,-1.0,-1.0,1.0,-1.0,-1.0,-1.0,-1.0,-1.0,-1.0,-1.0,-1.0,-1.0,-1.0,-1.0,1.0,-1.0,-1.0,-1.0,0.9019354838,-0.27842866980000003,0.7591918242377973,-0.6470588236,0.459807074,-0.7176470588,-0.6941176471385468,-1.0,0.0
-1.0,-1.0,-1.0,1.0,-1.0,-1.0,-1.0,-1.0,-1.0,-1.0,-1.0,-1.0,-1.0,-1.0,-1.0,1.0,-1.0,-1.0,-1.0,0.9019354838,-0.27842866980000003,0.7591918242377973,-0.6470588236,0.48553054659999995,-0.7176470588,-0.5764705882153635,-1.0,0.0
-1.0,-1.0,-1.0,1.0,-1.0,-1.0,-1.0,-1.0,-1.0,-1.0,-1.0,-1.0,-1.0,-1.0,-1.0,1.0,-1.0,-1.0,-1.0,0.9019354838,-0.27842866980000003,0.7591918242377973,-0.6470588236,0.45337620580000015,-0.694117647,-0.7882352941076818,-1.0,0.0130999963
-1.0,-1.0,-1.0,1.0,-1.0,-1.0,-1.0,-1.0,-1.0,-1.0,-1.0,-1.0,-1.0,-1.0,-1.0,1.0,-1.0,-1.0,-1.0,-0.1819354837999999,-0.6891798760000001,0.6382003994413401,-0.9857397504,-0.3569131832,0.48235294120000005,0.27058823535390997,-1.0,0.0
-1.0,-1.0,-1.0,1.0,-1.0,-1.0,-1.0,-1.0,-1.0,-1.0,-1.0,-1.0,-1.0,-1.0,-1.0,-1.0,-1.0,1.0,-1.0,0.9070967741999998,-0.21226740180000003,0.8038294374173152,-0.6862745098,0.4212218649999999,-0.7176470588,-0.05882352946159175,-1.0,0.0
-1.0,-1.0,-1.0,1.0,-1.0,-1.0,-1.0,-1.0,-1.0,-1.0,-1.0,-1.0,-1.0,-1.0,-1.0,-1.0,-1.0,1.0,-1.0,0.9070967741999998,-0.21226740180000003,0.8038294374173152,-0.6862745098,0.12540192919999993,-0.3882352942,-0.7882352941076818,-1.0,0.0014484251000000002
-1.0,-1.0,-1.0,1.0,-1.0,-1.0,-1.0,-1.0,-1.0,-1.0,-1.0,-1.0,-1.0,-1.0,-1.0,-1.0,-1.0,1.0,-1.0,0.8709677419999999,-0.07925568579999998,0.8987430988048168,-0.743315508,0.04823151120000002,-0.6470588236,-0.5764705882153635,-1.0,0.0
-1.0,-1.0,-1.0,1.0,-1.0,-1.0,-1.0,-1.0,-1.0,-1.0,-1.0,-1.0,-1.0,-1.0,-1.0,-1.0,-1.0,-1.0,1.0,0.9019354838,-0.34458993799999993,0.7152590156371663,-0.6934046346,0.05466237940000007,-0.7882352942,0.15294117643072647,-1.0,0.0
-1.0,-1.0,-1.0,1.0,-1.0,-1.0,-1.0,-1.0,-1.0,-1.0,-1.0,-1.0,-1.0,-1.0,-1.0,-1.0,-1.0,-1.0,1.0,0.9019354838,-0.34458993799999993,0.7152590156371663,-0.6934046346,0.09324758840000014,-0.7882352942,-0.05882352946159175,-1.0,0.0034652195
-1.0,-1.0,-1.0,1.0,-1.0,-1.0,-1.0,-1.0,-1.0,-1.0,-1.0,-1.0,-1.0,-1.0,-1.0,-1.0,-1.0,-1.0,1.0,0.9122580646,-0.1874569262000001,0.8188652648944292,-0.7326203208,0.24758842439999995,-0.7176470588,-0.6941176471385468,-1.0,0.0
-1.0,-1.0,-1.0,1.0,-1.0,-1.0,-1.0,-1.0,-1.0,-1.0,-1.0,-1.0,-1.0,-1.0,-1.0,-1.0,-1.0,-1.0,1.0,0.9122580646,-0.1874569262000001,0.8188652648944292,-0.7326203208,0.24758842439999995,-0.694117647,0.27058823535390997,-1.0,0.004042756
-1.0,-1.0,-1.0,1.0,-1.0,-1.0,-1.0,-1.0,-1.0,-1.0,-1.0,-1.0,-1.0,-1.0,-1.0,-1.0,-1.0,-1.0,1.0,0.9122580646,-0.1874569262000001,0.8188652648944292,-0.7326203208,0.073954984,-0.5529411764000001,0.4823529412462284,-1.0,0.0314986616
-1.0,-1.0,-1.0,1.0,-1.0,-1.0,-1.0,-1.0,-1.0,-1.0,-1.0,-1.0,-1.0,-1.0,-1.0,-1.0,-1.0,-1.0,1.0,0.9122580646,-0.1874569262000001,0.8188652648944292,-0.7326203208,-0.06109324760000001,-0.694117647,-0.2705882353539101,-1.0,0.0066095853
-1.0,-1.0,-1.0,1.0,-1.0,-1.0,-1.0,-1.0,-1.0,-1.0,-1.0,-1.0,-1.0,-1.0,-1.0,-1.0,-1.0,-1.0,1.0,0.9122580646,-0.1874569262000001,0.8188652648944292,-0.7326203208,-0.06109324760000001,-0.694117647,-0.2705882353539101,-1.0,0.000925892
-1.0,-1.0,-1.0,1.0,-1.0,-1.0,-1.0,-1.0,-1.0,-1.0,-1.0,-1.0,-1.0,-1.0,-1.0,-1.0,-1.0,-1.0,1.0,0.8580645162,-0.06409372840000005,0.9111946434937745,-0.7575757576,-0.3118971062,-0.43529411760000003,-0.5764705882153635,-1.0,0.0019984599
-1.0,-1.0,-1.0,1.0,-1.0,-1.0,-1.0,-1.0,-1.0,-1.0,-1.0,-1.0,-1.0,-1.0,-1.0,-1.0,-1.0,-1.0,1.0,0.7909677419999999,-0.6402481047999999,0.6858921648611676,-0.807486631,-0.26045016079999994,-0.03529411760000001,-0.7882352941076818,-1.0,0.0040519233
-1.0,-1.0,-1.0,1.0,-1.0,-1.0,-1.0,-1.0,-1.0,-1.0,-1.0,-1.0,-1.0,-1.0,1.0,-1.0,-1.0,-1.0,-1.0,0.8967741936000002,-0.3025499656,0.7436861271082014,-0.7005347594,0.4147909968000001,-0.7176470588,-0.4823529412462285,-1.0,0.0
-1.0,-1.0,-1.0,1.0,-1.0,-1.0,-1.0,-1.0,-1.0,-1.0,-1.0,-1.0,-1.0,-1.0,1.0,-1.0,-1.0,-1.0,-1.0,0.8967741936000002,-0.3025499656,0.7436861271082014,-0.7005347594,0.40836012860000004,-0.7176470588,-0.4823529412462285,-1.0,0.0
-1.0,-1.0,-1.0,1.0,-1.0,-1.0,-1.0,-1.0,-1.0,-1.0,-1.0,-1.0,-1.0,-1.0,1.0,-1.0,-1.0,-1.0,-1.0,0.8967741936000002,-0.3025499656,0.7436861271082014,-0.7005347594,0.2218649518,-0.6,-0.6941176471385468,-1.0,0.0
-1.0,-1.0,-1.0,1.0,-1.0,-1.0,-1.0,-1.0,-1.0,-1.0,-1.0,-1.0,-1.0,-1.0,1.0,-1.0,-1.0,-1.0,-1.0,0.8967741936000002,-0.3025499656,0.7436861271082014,-0.7005347594,0.12540192919999993,-0.5294117648,-0.7882352941076818,-1.0,0.0
-1.0,-1.0,-1.0,1.0,-1.0,-1.0,-1.0,-1.0,-1.0,-1.0,-1.0,-1.0,-1.0,-1.0,1.0,-1.0,-1.0,-1.0,-1.0,0.8967741936000002,-0.3025499656,0.7436861271082014,-0.7005347594,0.3697749196,-0.7176470588,-0.2705882353539101,-1.0,0.0030526933
-1.0,-1.0,-1.0,1.0,-1.0,-1.0,-1.0,-1.0,-1.0,-1.0,-1.0,-1.0,-1.0,-1.0,1.0,-1.0,-1.0,-1.0,-1.0,0.8967741936000002,-0.3025499656,0.7436861271082014,-0.7005347594,0.4147909968000001,-0.7176470588,-0.4823529412462285,-1.0,0.0060320487
-1.0,-1.0,-1.0,1.0,-1.0,-1.0,-1.0,-1.0,-1.0,-1.0,-1.0,-1.0,-1.0,-1.0,1.0,-1.0,-1.0,-1.0,-1.0,0.8709677419999999,-0.15024121299999993,0.8465875719869065,-0.696969697,0.24115755620000012,-0.694117647,-0.15294117643072658,-1.0,0.0143375747
-1.0,-1.0,-1.0,1.0,-1.0,-1.0,-1.0,-1.0,-1.0,-1.0,-1.0,-1.0,-1.0,-1.0,1.0,-1.0,-1.0,-1.0,-1.0,0.8709677419999999,-0.15024121299999993,0.8465875719869065,-0.696969697,-0.04180064299999997,-0.3882352942,-0.6941176471385468,-1.0,0.0102856514
-1.0,-1.0,-1.0,1.0,-1.0,-1.0,-1.0,-1.0,-1.0,-1.0,-1.0,-1.0,-1.0,-1.0,-1.0,-1.0,1.0,-1.0,-1.0,0.8941935484000001,-0.40317022739999997,0.6722659461411697,-0.661319073,0.022508038600000058,-0.08235294120000003,-0.4823529412462285,-1.0,0.0019526237
-1.0,-1.0,-1.0,1.0,-1.0,-1.0,-1.0,-1.0,-1.0,-1.0,-1.0,-1.0,-1.0,-1.0,-1.0,-1.0,1.0,-1.0,-1.0,0.8812903226,-0.2605099931999999,0.7730529778842001,-0.778966132,0.016077170400000007,-0.15294117640000005,0.05882352946159175,-1.0,0.0
-1.0,-1.0,-1.0,1.0,-1.0,-1.0,-1.0,-1.0,-1.0,-1.0,-1.0,-1.0,-1.0,-1.0,-1.0,-1.0,1.0,-1.0,-1.0,0.8812903226,-0.2605099931999999,0.7730529778842001,-0.778966132,-0.5112540192,0.6705882352000001,-0.7882352941076818,-1.0,0.0
-1.0,-1.0,-1.0,1.0,-1.0,-1.0,-1.0,-1.0,-1.0,-1.0,-1.0,-1.0,-1.0,-1.0,-1.0,-1.0,1.0,-1.0,-1.0,0.8812903226,-0.2605099931999999,0.7730529778842001,-0.778966132,0.09967845659999996,-0.3176470588,-0.6941176471385468,-1.0,0.0
-1.0,-1.0,-1.0,1.0,-1.0,-1.0,-1.0,-1.0,-1.0,-1.0,-1.0,-1.0,-1.0,-1.0,-1.0,-1.0,1.0,-1.0,-1.0,0.8812903226,-0.2605099931999999,0.7730529778842001,-0.778966132,0.33762057879999996,-0.5529411764000001,-0.6941176471385468,-1.0,0.0513732536
-1.0,-1.0,-1.0,1.0,-1.0,-1.0,-1.0,-1.0,-1.0,-1.0,-1.0,-1.0,-1.0,-1.0,-1.0,-1.0,1.0,-1.0,-1.0,0.8812903226,-0.2605099931999999,0.7730529778842001,-0.778966132,0.31832797420000003,-0.5294117648,-0.6941176471385468,-1.0,0.0068571008999999995
-1.0,-1.0,-1.0,1.0,-1.0,-1.0,-1.0,-1.0,-1.0,-1.0,-1.0,-1.0,-1.0,-1.0,-1.0,-1.0,1.0,-1.0,-1.0,0.8812903226,-0.2605099931999999,0.7730529778842001,-0.778966132,0.17041800640000004,-0.3882352942,-0.7882352941076818,-1.0,0.0013475853
-1.0,-1.0,-1.0,1.0,-1.0,-1.0,-1.0,-1.0,-1.0,-1.0,-1.0,-1.0,-1.0,-1.0,-1.0,-1.0,1.0,-1.0,-1.0,0.8812903226,-0.2605099931999999,0.7730529778842001,-0.778966132,0.09967845659999996,-0.3176470588,-0.6941176471385468,-1.0,0.0036027282
-1.0,-1.0,-1.0,1.0,-1.0,-1.0,-1.0,-1.0,-1.0,-1.0,-1.0,-1.0,-1.0,-1.0,-1.0,-1.0,1.0,-1.0,-1.0,0.8890322580000001,-0.23776705720000002,0.7878538706352374,-0.7682709448,-0.13183279739999998,-0.15294117640000005,-0.6941176471385468,-1.0,0.0
-1.0,-1.0,-1.0,1.0,-1.0,-1.0,-1.0,-1.0,-1.0,-1.0,-1.0,-1.0,-1.0,-1.0,-1.0,-1.0,1.0,-1.0,-1.0,0.8787096774,-0.11095796000000002,0.8743098790793833,-0.7326203208,0.18327974279999992,-0.48235294119999994,-0.7882352941076818,-1.0,0.0
-1.0,-1.0,-1.0,1.0,-1.0,-1.0,-1.0,-1.0,-1.0,-1.0,-1.0,-1.0,-1.0,-1.0,-1.0,-1.0,1.0,-1.0,-1.0,0.8787096774,-0.11095796000000002,0.8743098790793833,-0.7326203208,-0.11897106099999999,-0.15294117640000005,-0.15294117643072658,-1.0,0.0019984599
-1.0,-1.0,-1.0,1.0,-1.0,-1.0,-1.0,-1.0,-1.0,-1.0,-1.0,-1.0,-1.0,-1.0,-1.0,-1.0,1.0,-1.0,-1.0,0.8787096774,-0.11095796000000002,0.8743098790793833,-0.7326203208,-0.3569131832,0.19999999999999996,-0.05882352946159175,-1.0,0.0055920208
-1.0,-1.0,-1.0,1.0,-1.0,-1.0,-1.0,-1.0,-1.0,-1.0,-1.0,-1.0,-1.0,-1.0,-1.0,-1.0,1.0,-1.0,-1.0,0.8787096774,-0.11095796000000002,0.8743098790793833,-0.7326203208,-0.06109324760000001,-0.3411764706,-0.4823529412462285,-1.0,0.0053445052
-1.0,-1.0,-1.0,1.0,-1.0,-1.0,-1.0,-1.0,-1.0,-1.0,-1.0,-1.0,-1.0,-1.0,-1.0,-1.0,1.0,-1.0,-1.0,0.8787096774,-0.11095796000000002,0.8743098790793833,-0.7326203208,0.22829582000000004,-0.5294117648,-0.6941176471385468,-1.0,0.02584247
-1.0,-1.0,-1.0,1.0,-1.0,-1.0,-1.0,-1.0,-1.0,-1.0,-1.0,-1.0,1.0,-1.0,-1.0,-1.0,-1.0,-1.0,-1.0,0.8941935484000001,-0.3252929014,0.7291201690832401,-0.6577540106,-0.4919614148,0.41176470580000024,-0.364705882323045,-1.0,0.0
-1.0,-1.0,-1.0,1.0,-1.0,-1.0,-1.0,-1.0,-1.0,-1.0,-1.0,-1.0,1.0,-1.0,-1.0,-1.0,-1.0,-1.0,-1.0,0.8941935484000001,-0.3252929014,0.7291201690832401,-0.6577540106,-0.022508038599999947,-0.011764705799999997,-0.15294117643072658,-1.0,0.0
-1.0,-1.0,-1.0,1.0,-1.0,-1.0,-1.0,-1.0,-1.0,-1.0,-1.0,-1.0,1.0,-1.0,-1.0,-1.0,-1.0,-1.0,-1.0,0.8941935484000001,-0.3252929014,0.7291201690832401,-0.6577540106,-0.31832797420000003,0.15294117639999993,-0.364705882323045,-1.0,0.0015034285999999998
-1.0,-1.0,-1.0,1.0,-1.0,-1.0,-1.0,-1.0,-1.0,-1.0,-1.0,-1.0,1.0,-1.0,-1.0,-1.0,-1.0,-1.0,-1.0,0.8941935484000001,-0.3252929014,0.7291201690832401,-0.6577540106,-0.4919614148,0.41176470580000024,-0.364705882323045,-1.0,0.0034010487
-1.0,-1.0,-1.0,1.0,-1.0,-1.0,-1.0,-1.0,-1.0,-1.0,-1.0,-1.0,1.0,-1.0,-1.0,-1.0,-1.0,-1.0,-1.0,0.8941935484000001,-0.3252929014,0.7291201690832401,-0.6577540106,-0.15112540200000002,-0.10588235299999993,0.27058823535390997,-1.0,0.0067012577
-1.0,-1.0,-1.0,1.0,-1.0,-1.0,-1.0,-1.0,-1.0,-1.0,-1.0,-1.0,1.0,-1.0,-1.0,-1.0,-1.0,-1.0,-1.0,0.8941935484000001,-0.3252929014,0.7291201690832401,-0.6577540106,0.18327974279999992,-0.3411764706,-0.364705882323045,-1.0,0.0018609511999999999
-1.0,-1.0,-1.0,1.0,-1.0,-1.0,-1.0,-1.0,-1.0,-1.0,-1.0,-1.0,1.0,-1.0,-1.0,-1.0,-1.0,-1.0,-1.0,0.8941935484000001,-0.3252929014,0.7291201690832401,-0.6577540106,0.13183279739999998,-0.24705882359999998,-0.5764705882153635,-1.0,0.0015767665
-1.0,-1.0,-1.0,1.0,-1.0,-1.0,-1.0,-1.0,-1.0,-1.0,-1.0,-1.0,1.0,-1.0,-1.0,-1.0,-1.0,-1.0,-1.0,0.8941935484000001,-0.3252929014,0.7291201690832401,-0.6577540106,0.06109324760000012,-0.17647058819999994,-0.6941176471385468,-1.0,0.0054728466
-1.0,-1.0,-1.0,1.0,-1.0,-1.0,-1.0,-1.0,-1.0,-1.0,-1.0,-1.0,1.0,-1.0,-1.0,-1.0,-1.0,-1.0,-1.0,0.8941935484000001,-0.3252929014,0.7291201690832401,-0.6577540106,0.196141479,-0.5294117648,-0.05882352946159175,-1.0,0.0119724249
-1.0,-1.0,-1.0,1.0,-1.0,-1.0,-1.0,-1.0,-1.0,-1.0,-1.0,-1.0,1.0,-1.0,-1.0,-1.0,-1.0,-1.0,-1.0,0.8941935484000001,-0.3252929014,0.7291201690832401,-0.6577540106,0.196141479,-0.5294117648,-0.05882352946159175,-1.0,0.0011550732
-1.0,-1.0,-1.0,1.0,-1.0,-1.0,-1.0,-1.0,-1.0,-1.0,-1.0,-1.0,1.0,-1.0,-1.0,-1.0,-1.0,-1.0,-1.0,0.9045161290000001,-0.16678152999999996,0.8334312229193903,-0.6363636364,-0.11897106099999999,-0.05882352940000002,-0.364705882323045,-1.0,0.0
-1.0,-1.0,-1.0,1.0,-1.0,-1.0,-1.0,-1.0,-1.0,-1.0,-1.0,-1.0,1.0,-1.0,-1.0,-1.0,-1.0,-1.0,-1.0,0.9045161290000001,-0.16678152999999996,0.8334312229193903,-0.6363636364,0.12540192919999993,-0.43529411760000003,-0.5764705882153635,-1.0,0.0
-1.0,-1.0,-1.0,1.0,-1.0,-1.0,-1.0,-1.0,-1.0,-1.0,-1.0,-1.0,1.0,-1.0,-1.0,-1.0,-1.0,-1.0,-1.0,0.9045161290000001,-0.16678152999999996,0.8334312229193903,-0.6363636364,0.21543408359999994,-0.43529411760000003,-0.6941176471385468,-1.0,0.0074438047999999995
-1.0,-1.0,-1.0,1.0,-1.0,-1.0,-1.0,-1.0,-1.0,-1.0,-1.0,-1.0,1.0,-1.0,-1.0,-1.0,-1.0,-1.0,-1.0,0.9045161290000001,-0.16678152999999996,0.8334312229193903,-0.6363636364,0.04180064299999997,-0.3647058824,-0.6941176471385468,-1.0,0.00099923
-1.0,-1.0,-1.0,1.0,-1.0,-1.0,-1.0,-1.0,-1.0,-1.0,-1.0,-1.0,1.0,-1.0,-1.0,-1.0,-1.0,-1.0,-1.0,0.9045161290000001,-0.16678152999999996,0.8334312229193903,-0.6363636364,-0.028938906800000108,-0.294117647,-0.2705882353539101,-1.0,0.0036118953999999997
-1.0,-1.0,-1.0,1.0,-1.0,-1.0,-1.0,-1.0,-1.0,-1.0,-1.0,-1.0,1.0,-1.0,-1.0,-1.0,-1.0,-1.0,-1.0,0.793548387,-0.6271536872,0.6985786444765305,-0.586452763,-0.16398713819999988,0.15294117639999993,-0.4823529412462285,-1.0,0.0004766969
-1.0,-1.0,-1.0,1.0,-1.0,-1.0,-1.0,-1.0,-1.0,-1.0,-1.0,-1.0,-1.0,1.0,-1.0,-1.0,-1.0,-1.0,-1.0,0.8890322580000001,-0.23776705720000002,0.7878538706352374,-0.7682709448,-0.11897106099999999,-0.10588235299999993,-0.6941176471385468,-1.0,0.0026860034000000003
-1.0,-1.0,-1.0,1.0,-1.0,-1.0,-1.0,-1.0,-1.0,-1.0,-1.0,-1.0,-1.0,1.0,-1.0,-1.0,-1.0,-1.0,-1.0,0.8890322580000001,-0.23776705720000002,0.7878538706352374,-0.7682709448,0.21543408359999994,-0.5294117648,-0.5764705882153635,-1.0,0.0051794947
-1.0,-1.0,-1.0,1.0,-1.0,-1.0,-1.0,-1.0,-1.0,-1.0,-1.0,-1.0,-1.0,1.0,-1.0,-1.0,-1.0,-1.0,-1.0,0.8890322580000001,-0.23776705720000002,0.7878538706352374,-0.7682709448,0.11897106099999988,-0.294117647,-0.4823529412462285,-1.0,0.0183619963
-1.0,-1.0,-1.0,1.0,-1.0,-1.0,-1.0,-1.0,-1.0,-1.0,-1.0,-1.0,-1.0,1.0,-1.0,-1.0,-1.0,-1.0,-1.0,0.8683870968,-0.0957960028,0.8860566191894537,-0.5543672014000001,-0.11897106099999999,-0.45882352939999993,0.05882352946159175,-1.0,0.0016042683
-1.0,-1.0,-1.0,1.0,-1.0,-1.0,-1.0,-1.0,-1.0,-1.0,-1.0,-1.0,-1.0,1.0,-1.0,-1.0,-1.0,-1.0,-1.0,0.8683870968,-0.0957960028,0.8860566191894537,-0.5543672014000001,-0.08681672019999997,-0.7176470588,-0.364705882323045,-1.0,0.0
-1.0,-1.0,-1.0,1.0,-1.0,-1.0,-1.0,-1.0,-1.0,-1.0,-1.0,-1.0,-1.0,-1.0,1.0,-1.0,-1.0,-1.0,-1.0,0.8709677419999999,-0.3576843556,0.7270057559475656,-0.7005347594,-0.06109324760000001,-0.24705882359999998,-0.05882352946159175,-1.0,0.011587400500000001
-1.0,-1.0,-1.0,1.0,-1.0,-1.0,-1.0,-1.0,-1.0,-1.0,-1.0,-1.0,-1.0,-1.0,-1.0,1.0,-1.0,-1.0,-1.0,0.8658064515999999,0.8966230186000002,0.9165981439964925,-0.7468805704,-0.2540192926,0.45882352940000004,0.5764705882153633,-1.0,0.0
-1.0,-1.0,-1.0,1.0,-1.0,-1.0,-1.0,-1.0,-1.0,-1.0,-1.0,-1.0,-1.0,-1.0,-1.0,1.0,-1.0,-1.0,-1.0,0.8658064515999999,0.8966230186000002,0.9165981439964925,-0.7468805704,-0.2540192926,0.45882352940000004,0.5764705882153633,-1.0,0.010138975500000001
-1.0,-1.0,-1.0,-1.0,-1.0,-1.0,1.0,-1.0,-1.0,-1.0,-1.0,-1.0,-1.0,-1.0,-1.0,-1.0,-1.0,1.0,-1.0,0.8890322580000001,-0.08683666439999993,0.2009867261700471,-0.7147950089999999,-0.22829582000000004,0.011764705799999886,-0.2705882353539101,-1.0,0.0
-1.0,-1.0,1.0,-1.0,-1.0,-1.0,-1.0,-1.0,-1.0,-1.0,-1.0,-1.0,-1.0,-1.0,-1.0,1.0,-1.0,-1.0,-1.0,0.8916129032,0.3928325291999999,0.5392928463082367,-0.7112299466,-0.47266881020000007,0.41176470580000024,-1.0,-1.0,0.0
-1.0,-1.0,1.0,-1.0,-1.0,-1.0,-1.0,-1.0,-1.0,-1.0,-1.0,-1.0,-1.0,-1.0,-1.0,-1.0,-1.0,-1.0,1.0,0.9638709677999999,0.5251550653999999,0.6194056149447009,-0.504456328,0.1639871382,-0.3647058824,-0.5764705882153635,-1.0,0.0
-1.0,-1.0,-1.0,1.0,-1.0,-1.0,-1.0,-1.0,-1.0,-1.0,-1.0,-1.0,1.0,-1.0,-1.0,-1.0,-1.0,-1.0,-1.0,0.8477419354,0.9910406616,0.9875484553110423,-0.7361853832,-0.4790996784,0.48235294120000005,-0.2705882353539101,-1.0,0.0167760625
-1.0,-1.0,-1.0,1.0,-1.0,-1.0,-1.0,-1.0,-1.0,-1.0,-1.0,-1.0,-1.0,-1.0,1.0,-1.0,-1.0,-1.0,-1.0,0.8709677419999999,-0.3576843556,0.7270057559475656,-0.7005347594,-0.15112540200000002,-0.011764705799999997,-0.05882352946159175,-1.0,0.036073118
-1.0,-1.0,1.0,-1.0,-1.0,-1.0,-1.0,-1.0,-1.0,-1.0,-1.0,-1.0,-1.0,-1.0,-1.0,-1.0,1.0,-1.0,-1.0,0.8941935484000001,0.41902136460000006,0.5583225655309527,-0.7076648842,0.21543408359999994,-0.08235294120000003,-0.6941176471385468,-1.0,0.0
-1.0,-1.0,1.0,-1.0,-1.0,-1.0,-1.0,-1.0,-1.0,-1.0,-1.0,-1.0,-1.0,-1.0,1.0,-1.0,-1.0,-1.0,-1.0,0.935483871,0.5851137146000001,0.6581698577686905,-0.7005347594,0.2668810290000001,-0.3647058824,-0.6941176471385468,-1.0,0.1600876389
1.0,-1.0,-1.0,-1.0,-1.0,-1.0,-1.0,-1.0,-1.0,-1.0,-1.0,-1.0,-1.0,-1.0,-1.0,-1.0,-1.0,-1.0,1.0,0.8632258063999998,-0.877325982,-0.9499588865180929,-0.7147950089999999,-0.5819935692,-0.15294117640000005,0.15294117643072647,-1.0,0.0
-1.0,-1.0,-1.0,-1.0,-1.0,-1.0,-1.0,-1.0,1.0,-1.0,-1.0,-1.0,-1.0,-1.0,-1.0,1.0,-1.0,-1.0,-1.0,-1.0,-1.0,-0.6191706802186246,-1.0,-0.807073955,1.0,-1.0,-1.0,0.0
-1.0,-1.0,-1.0,-1.0,-1.0,-1.0,1.0,-1.0,-1.0,-1.0,-1.0,-1.0,-1.0,-1.0,-1.0,-1.0,-1.0,1.0,-1.0,0.935483871,-0.30944176439999993,0.05603195110030956,-0.5757575758,0.09967845659999996,-0.43529411760000003,0.4823529412462284,-1.0,0.0070862821
-1.0,-1.0,1.0,-1.0,-1.0,-1.0,-1.0,-1.0,-1.0,-1.0,-1.0,-1.0,-1.0,-1.0,-1.0,-1.0,-1.0,-1.0,1.0,0.8580645162,0.33011716059999996,0.4887818629735192,-0.7575757576,-0.09967845659999996,0.12941176479999994,-0.5764705882153635,-1.0,0.0149701148
-1.0,-1.0,1.0,-1.0,-1.0,-1.0,-1.0,-1.0,-1.0,-1.0,-1.0,-1.0,-1.0,-1.0,-1.0,-1.0,-1.0,1.0,-1.0,0.9741935483999999,0.4927636113999998,0.5992012216909455,-0.35828877000000003,0.6720257234,-0.6705882352,-0.7882352941076818,-1.0,0.005372006899999999
-1.0,-1.0,1.0,-1.0,-1.0,-1.0,-1.0,-1.0,-1.0,-1.0,-1.0,-1.0,-1.0,-1.0,-1.0,-1.0,-1.0,-1.0,1.0,0.8812903226,0.7043418332,0.7490896276109191,-0.7754010696,0.17684887459999987,0.011764705799999886,-0.5764705882153635,-1.0,0.039299989
-1.0,-1.0,1.0,-1.0,-1.0,-1.0,-1.0,-1.0,-1.0,-1.0,-1.0,-1.0,-1.0,-1.0,1.0,-1.0,-1.0,-1.0,-1.0,0.8812903226,0.8793935218,0.9025020556240131,-0.725490196,0.22829582000000004,-0.3176470588,-0.15294117643072658,-1.0,0.0111657072
-1.0,-1.0,1.0,-1.0,-1.0,-1.0,-1.0,-1.0,-1.0,-1.0,-1.0,-1.0,-1.0,-1.0,-1.0,1.0,-1.0,-1.0,-1.0,0.8812903226,0.24190213640000002,0.4183014213114511,-0.7290552584000001,0.20257234720000006,-0.17647058819999994,-0.6941176471385468,-1.0,0.014667595600000001
-1.0,-1.0,-1.0,1.0,-1.0,-1.0,-1.0,-1.0,-1.0,-1.0,-1.0,-1.0,-1.0,-1.0,-1.0,1.0,-1.0,-1.0,-1.0,0.8529032258000002,-0.3411440386,0.7413367790461216,-0.5935828878,0.18327974279999992,-0.05882352940000002,0.05882352946159175,-1.0,0.022542261
1.0,-1.0,-1.0,-1.0,-1.0,-1.0,-1.0,-1.0,-1.0,-1.0,-1.0,-1.0,-1.0,-1.0,-1.0,-1.0,-1.0,-1.0,1.0,0.8632258063999998,-0.877325982,-0.9499588865180929,-0.7147950089999999,-0.39549839219999994,-0.22352941180000008,0.05882352946159175,-1.0,0.0
-1.0,-1.0,1.0,-1.0,-1.0,-1.0,-1.0,-1.0,-1.0,-1.0,-1.0,-1.0,1.0,-1.0,-1.0,-1.0,-1.0,-1.0,-1.0,0.9638709677999999,0.5568573397999999,0.6384353341674167,-0.5721925134000001,0.3569131831999999,-0.5529411764000001,-0.4823529412462285,-1.0,0.026346668599999998
-1.0,-1.0,1.0,-1.0,-1.0,-1.0,-1.0,-1.0,-1.0,-1.0,-1.0,-1.0,1.0,-1.0,-1.0,-1.0,-1.0,-1.0,-1.0,0.9638709677999999,0.5568573397999999,0.6384353341674167,-0.5721925134000001,0.3569131831999999,-0.5529411764000001,-0.4823529412462285,-1.0,0.0
-1.0,-1.0,-1.0,-1.0,-1.0,-1.0,-1.0,1.0,-1.0,-1.0,-1.0,-1.0,-1.0,-1.0,-1.0,-1.0,1.0,-1.0,-1.0,0.7032258063999999,-0.9421088904,-0.8848819453587429,-0.853832442,-0.6591639871999999,0.3176470588,0.27058823535390997,-1.0,0.009130578299999999
-1.0,-1.0,-1.0,1.0,-1.0,-1.0,-1.0,-1.0,-1.0,-1.0,-1.0,-1.0,1.0,-1.0,-1.0,-1.0,-1.0,-1.0,-1.0,0.8683870968,-0.37835975180000003,0.7122048631965281,-0.743315508,0.18971061099999997,-0.27058823519999997,-0.5764705882153635,-1.0,0.027666752200000002
-1.0,-1.0,-1.0,1.0,-1.0,-1.0,-1.0,-1.0,-1.0,-1.0,-1.0,-1.0,-1.0,-1.0,-1.0,1.0,-1.0,-1.0,-1.0,0.8658064515999999,0.8966230186000002,0.9165981439964925,-0.7468805704,0.2668810290000001,-0.3411764706,-0.2705882353539101,-1.0,0.0648674416
1.0,-1.0,-1.0,-1.0,-1.0,-1.0,-1.0,-1.0,-1.0,-1.0,-1.0,-1.0,-1.0,1.0,-1.0,-1.0,-1.0,-1.0,-1.0,0.9277419353999998,-0.9042039972,-0.9617056268284924,-0.5935828878,-0.16398713819999988,-0.905882353,0.5764705882153633,-1.0,0.0
-1.0,-1.0,-1.0,-1.0,-1.0,-1.0,-1.0,1.0,-1.0,-1.0,-1.0,-1.0,-1.0,-1.0,-1.0,-1.0,1.0,-1.0,-1.0,0.6877419353999998,-0.9758787044,-0.9121343827987382,-0.9215686274,-0.8006430868,0.24705882359999998,-0.7882352941076818,-1.0,0.0
-1.0,-1.0,-1.0,-1.0,-1.0,-1.0,-1.0,1.0,-1.0,-1.0,-1.0,-1.0,-1.0,-1.0,-1.0,1.0,-1.0,-1.0,-1.0,0.7109677419999998,-0.9455547898,-0.8881710325254574,-0.8752228164,-0.4919614148,0.10588235299999993,-0.7882352941076818,-1.0,0.0474680063
-1.0,-1.0,-1.0,1.0,-1.0,-1.0,-1.0,-1.0,-1.0,-1.0,-1.0,-1.0,-1.0,-1.0,-1.0,1.0,-1.0,-1.0,-1.0,0.8529032258000002,-0.3411440386,0.7413367790461216,-0.5935828878,0.17041800640000004,-0.05882352940000002,-0.05882352946159175,-1.0,0.0033368779999999997
-1.0,-1.0,1.0,-1.0,-1.0,-1.0,-1.0,-1.0,-1.0,-1.0,-1.0,-1.0,-1.0,-1.0,-1.0,1.0,-1.0,-1.0,-1.0,0.8812903226,0.24190213640000002,0.4183014213114511,-0.7290552584000001,0.4212218649999999,-0.5764705882000001,-0.364705882323045,-1.0,0.0033277108
-1.0,-1.0,1.0,-1.0,-1.0,-1.0,-1.0,-1.0,-1.0,-1.0,-1.0,-1.0,-1.0,-1.0,1.0,-1.0,-1.0,-1.0,-1.0,0.935483871,0.5851137146000001,0.6581698577686905,-0.7005347594,0.5241157556,-0.6,-0.4823529412462285,-1.0,0.0
-1.0,-1.0,-1.0,-1.0,-1.0,1.0,-1.0,-1.0,-1.0,-1.0,-1.0,-1.0,-1.0,-1.0,-1.0,-1.0,-1.0,1.0,-1.0,0.9251612904,-0.66643694,-0.3224480208193148,-0.5008912656,0.6591639871999999,-0.5529411764000001,-0.15294117643072658,-1.0,0.0
-1.0,-1.0,-1.0,-1.0,-1.0,1.0,-1.0,-1.0,-1.0,-1.0,-1.0,-1.0,-1.0,-1.0,-1.0,-1.0,-1.0,1.0,-1.0,0.9251612904,-0.66643694,-0.3224480208193148,-0.5008912656,0.6591639871999999,-0.5529411764000001,-0.15294117643072658,-1.0,0.0074804738
-1.0,-1.0,-1.0,1.0,-1.0,-1.0,-1.0,-1.0,-1.0,-1.0,-1.0,-1.0,-1.0,-1.0,-1.0,-1.0,-1.0,-1.0,1.0,0.8683870968,-0.399724328,0.6971690355190852,-0.7040998218,0.32475884239999986,-0.27058823519999997,-0.2705882353539101,-1.0,0.0045377874
-1.0,-1.0,1.0,-1.0,-1.0,-1.0,-1.0,-1.0,-1.0,-1.0,-1.0,-1.0,1.0,-1.0,-1.0,-1.0,-1.0,-1.0,-1.0,0.9638709677999999,0.5568573397999999,0.6384353341674167,-0.5721925134000001,0.46623794220000003,-0.505882353,-0.2705882353539101,-1.0,0.0
-1.0,-1.0,1.0,-1.0,-1.0,-1.0,-1.0,-1.0,-1.0,-1.0,-1.0,-1.0,-1.0,-1.0,-1.0,-1.0,-1.0,-1.0,1.0,0.8580645162,0.33011716059999996,0.4887818629735192,-0.7575757576,0.22829582000000004,-0.3882352942,-0.364705882323045,-1.0,0.0
-1.0,-1.0,-1.0,1.0,-1.0,-1.0,-1.0,-1.0,-1.0,-1.0,-1.0,-1.0,-1.0,-1.0,-1.0,-1.0,-1.0,1.0,-1.0,0.7858064516000001,-0.42315644380000006,0.6816633383894897,-0.8680926916,0.26045016080000005,-0.5529411764000001,-0.6941176471385468,-1.0,0.0055370173
-1.0,-1.0,1.0,-1.0,-1.0,-1.0,-1.0,-1.0,-1.0,-1.0,-1.0,-1.0,-1.0,1.0,-1.0,-1.0,-1.0,-1.0,-1.0,0.9587096774000001,0.45416953819999994,0.5778221544061499,-0.661319073,0.6527331190000001,-0.7176470588,-0.6941176471385468,-1.0,0.0
-1.0,-1.0,-1.0,1.0,-1.0,-1.0,-1.0,-1.0,-1.0,-1.0,-1.0,-1.0,-1.0,-1.0,1.0,-1.0,-1.0,-1.0,-1.0,0.7651612904,1.0,1.0,-0.8573975044,-0.04823151120000002,0.22352941179999997,-0.05882352946159175,-1.0,0.0036210627000000002
-1.0,-1.0,-1.0,-1.0,-1.0,-1.0,-1.0,1.0,-1.0,-1.0,-1.0,-1.0,-1.0,-1.0,1.0,-1.0,-1.0,-1.0,-1.0,0.7032258063999999,-0.9510682288,-0.8926347939235407,-0.8966131908,-0.22829582000000004,-0.27058823519999997,-0.2705882353539101,-1.0,0.0
-1.0,-1.0,-1.0,1.0,-1.0,-1.0,-1.0,-1.0,-1.0,-1.0,-1.0,-1.0,1.0,-1.0,-1.0,-1.0,-1.0,-1.0,-1.0,0.8477419354,0.9910406616,0.9875484553110423,-0.7361853832,0.13826366560000003,-0.3176470588,-0.4823529412462285,-1.0,0.007150452900000001
-1.0,-1.0,-1.0,-1.0,-1.0,-1.0,1.0,-1.0,-1.0,-1.0,-1.0,-1.0,-1.0,1.0,-1.0,-1.0,-1.0,-1.0,-1.0,0.8993548387999999,-0.34458993799999993,0.03582755784655389,-0.568627451,0.3633440513999999,-0.6235294118,0.05882352946159175,-1.0,0.0
-1.0,-1.0,-1.0,-1.0,-1.0,-1.0,-1.0,1.0,-1.0,-1.0,-1.0,-1.0,1.0,-1.0,-1.0,-1.0,-1.0,-1.0,-1.0,0.6877419353999998,-0.9572708476,-0.8978033597001823,-0.9037433156,-0.196141479,-0.3647058824,-0.5764705882153635,-1.0,0.0
-1.0,-1.0,-1.0,-1.0,-1.0,-1.0,-1.0,1.0,-1.0,-1.0,-1.0,-1.0,1.0,-1.0,-1.0,-1.0,-1.0,-1.0,-1.0,0.7006451612,-0.9855272226,-0.9194173617110543,-0.8823529412,-0.61414791,-0.10588235299999993,1.0,-1.0,0.0042352682000000004
-1.0,-1.0,-1.0,-1.0,-1.0,-1.0,1.0,-1.0,-1.0,-1.0,-1.0,-1.0,-1.0,-1.0,-1.0,-1.0,1.0,-1.0,-1.0,0.8993548387999999,-0.3728463128,0.016797838623838324,-0.650623886,0.32475884239999986,-0.7176470588,-0.15294117643072658,-1.0,0.0014942613
-1.0,-1.0,1.0,-1.0,-1.0,-1.0,-1.0,-1.0,-1.0,-1.0,-1.0,-1.0,-1.0,-1.0,1.0,-1.0,-1.0,-1.0,-1.0,0.935483871,0.5851137146000001,0.6581698577686905,-0.7005347594,0.5562700963999998,-0.5764705882000001,-0.364705882323045,-1.0,0.0
-1.0,-1.0,1.0,-1.0,-1.0,-1.0,-1.0,-1.0,-1.0,-1.0,-1.0,-1.0,-1.0,-1.0,-1.0,1.0,-1.0,-1.0,-1.0,0.9329032258000001,0.6126809097999999,0.6769646422653297,-0.6399286988,0.40836012860000004,-0.17647058819999994,-0.2705882353539101,-1.0,0.0
-1.0,-1.0,1.0,-1.0,-1.0,-1.0,-1.0,-1.0,-1.0,-1.0,-1.0,-1.0,-1.0,-1.0,-1.0,-1.0,-1.0,-1.0,1.0,0.9638709677999999,0.5251550653999999,0.6194056149447009,-0.504456328,0.6270096463999999,-0.7176470588,-0.05882352946159175,-1.0,0.6841333284000001
-1.0,-1.0,-1.0,-1.0,-1.0,-1.0,1.0,-1.0,-1.0,-1.0,-1.0,-1.0,-1.0,1.0,-1.0,-1.0,-1.0,-1.0,-1.0,0.9096774193999999,0.12336319780000005,0.33090567356234213,-0.6827094474,0.5498392282,-0.43529411760000003,-0.4823529412462285,-1.0,0.0064354076
1.0,-1.0,-1.0,-1.0,-1.0,-1.0,-1.0,-1.0,-1.0,-1.0,-1.0,-1.0,-1.0,-1.0,-1.0,-1.0,-1.0,1.0,-1.0,0.9277419353999998,-0.88835286,-0.9553623870208109,-0.6470588236,-0.2540192926,-0.7882352942,0.15294117643072647,-1.0,0.0
-1.0,-1.0,1.0,-1.0,-1.0,-1.0,-1.0,-1.0,-1.0,-1.0,-1.0,-1.0,-1.0,-1.0,-1.0,1.0,-1.0,-1.0,-1.0,0.8916129032,0.3928325291999999,0.5392928463082367,-0.7112299466,0.459807074,-0.3647058824,0.05882352946159175,-1.0,0.0022368083
-1.0,-1.0,1.0,-1.0,-1.0,-1.0,-1.0,-1.0,-1.0,-1.0,-1.0,-1.0,-1.0,-1.0,-1.0,1.0,-1.0,-1.0,-1.0,0.8812903226,0.24190213640000002,0.4183014213114511,-0.7290552584000001,0.45337620580000015,-0.505882353,-0.2705882353539101,-1.0,0.0027960104
-1.0,-1.0,1.0,-1.0,-1.0,-1.0,-1.0,-1.0,-1.0,-1.0,-1.0,-1.0,-1.0,-1.0,-1.0,-1.0,-1.0,1.0,-1.0,0.8838709678000001,0.3115093040000001,0.47210149181288363,-0.7219251336,0.5434083602000002,-0.505882353,-0.15294117643072658,-1.0,0.1702907851
-1.0,-1.0,1.0,-1.0,-1.0,-1.0,-1.0,-1.0,-1.0,-1.0,-1.0,-1.0,-1.0,-1.0,-1.0,-1.0,-1.0,1.0,-1.0,0.9741935483999999,0.4927636113999998,0.5992012216909455,-0.35828877000000003,0.8392282958000001,-0.905882353,-0.15294117643072658,-1.0,0.0
-1.0,-1.0,-1.0,-1.0,-1.0,-1.0,1.0,-1.0,-1.0,-1.0,-1.0,-1.0,-1.0,-1.0,-1.0,1.0,-1.0,-1.0,-1.0,0.8116129031999999,0.805651275,0.8479971807440225,-0.8146167557999999,0.7427652734000001,-0.7176470588,-0.364705882323045,-1.0,0.0057753658
-1.0,-1.0,-1.0,1.0,-1.0,-1.0,-1.0,-1.0,-1.0,-1.0,-1.0,-1.0,-1.0,-1.0,1.0,-1.0,-1.0,-1.0,-1.0,0.8709677419999999,-0.3576843556,0.7270057559475656,-0.7005347594,0.29260450160000007,-0.22352941180000008,-0.2705882353539101,-1.0,0.0006600417999999999
-1.0,-1.0,1.0,-1.0,-1.0,-1.0,-1.0,-1.0,-1.0,-1.0,-1.0,-1.0,-1.0,-1.0,1.0,-1.0,-1.0,-1.0,-1.0,0.935483871,0.5851137146000001,0.6581698577686905,-0.7005347594,0.5884244372,-0.6235294118,-0.364705882323045,-1.0,0.0045469546
-1.0,-1.0,1.0,-1.0,-1.0,-1.0,-1.0,-1.0,-1.0,-1.0,-1.0,-1.0,-1.0,-1.0,-1.0,-1.0,-1.0,-1.0,1.0,0.8812903226,0.7043418332,0.7490896276109191,-0.7754010696,0.17041800640000004,-0.03529411760000001,-0.6941176471385468,-1.0,0.0
-1.0,-1.0,1.0,-1.0,-1.0,-1.0,-1.0,-1.0,-1.0,-1.0,-1.0,-1.0,-1.0,-1.0,-1.0,-1.0,-1.0,-1.0,1.0,0.8812903226,0.7043418332,0.7490896276109191,-0.7754010696,0.17041800640000004,-0.03529411760000001,-0.6941176471385468,-1.0,0.0
-1.0,-1.0,1.0,-1.0,-1.0,-1.0,-1.0,-1.0,-1.0,-1.0,-1.0,-1.0,-1.0,-1.0,-1.0,-1.0,1.0,-1.0,-1.0,0.8941935484000001,0.41902136460000006,0.5583225655309527,-0.7076648842,0.6527331190000001,-0.5764705882000001,-0.6941176471385468,-1.0,0.0021543031
-1.0,-1.0,1.0,-1.0,-1.0,-1.0,-1.0,-1.0,-1.0,-1.0,-1.0,-1.0,-1.0,-1.0,-1.0,-1.0,-1.0,-1.0,1.0,0.9638709677999999,0.5251550653999999,0.6194056149447009,-0.504456328,0.5434083602000002,-0.5529411764000001,0.15294117643072647,-1.0,0.0
-1.0,-1.0,1.0,-1.0,-1.0,-1.0,-1.0,-1.0,-1.0,-1.0,-1.0,-1.0,-1.0,-1.0,-1.0,1.0,-1.0,-1.0,-1.0,0.8812903226,0.24190213640000002,0.4183014213114511,-0.7290552584000001,0.44051446940000005,-0.3176470588,-0.2705882353539101,-1.0,0.0029335191
-1.0,-1.0,-1.0,1.0,-1.0,-1.0,-1.0,-1.0,-1.0,-1.0,-1.0,-1.0,-1.0,-1.0,-1.0,-1.0,-1.0,-1.0,1.0,0.8322580646000002,0.971743625,0.9734523669385631,-0.7575757576,0.10610932480000002,-0.294117647,-0.364705882323045,-1.0,0.0
-1.0,-1.0,1.0,-1.0,-1.0,-1.0,-1.0,-1.0,-1.0,-1.0,-1.0,-1.0,-1.0,-1.0,1.0,-1.0,-1.0,-1.0,-1.0,0.8941935484000001,0.21915920060000005,0.4002114413936988,-0.6577540106,0.3569131831999999,-0.4117647058,-0.2705882353539101,-1.0,0.005830369300000001
-1.0,-1.0,1.0,-1.0,-1.0,-1.0,-1.0,-1.0,-1.0,-1.0,-1.0,-1.0,-1.0,-1.0,-1.0,-1.0,-1.0,-1.0,1.0,0.9638709677999999,0.5251550653999999,0.6194056149447009,-0.504456328,0.39549839219999994,-0.45882352939999993,0.3647058823230449,-1.0,0.0
-1.0,-1.0,1.0,-1.0,-1.0,-1.0,-1.0,-1.0,-1.0,-1.0,-1.0,-1.0,-1.0,-1.0,-1.0,1.0,-1.0,-1.0,-1.0,0.9329032258000001,0.6126809097999999,0.6769646422653297,-0.6399286988,0.20257234720000006,0.19999999999999996,-0.05882352946159175,-1.0,0.0140625573
-1.0,-1.0,1.0,-1.0,-1.0,-1.0,-1.0,-1.0,-1.0,-1.0,-1.0,-1.0,1.0,-1.0,-1.0,-1.0,-1.0,-1.0,-1.0,0.8554838709999999,0.8518263265999999,0.8839422060537792,-0.8039215686,0.2861736334,-0.294117647,-0.364705882323045,-1.0,0.0
-1.0,-1.0,-1.0,-1.0,-1.0,-1.0,1.0,-1.0,-1.0,-1.0,-1.0,-1.0,-1.0,-1.0,1.0,-1.0,-1.0,-1.0,-1.0,0.8606451612000001,-0.4238456238,-0.13708445904173716,-0.8003565062,0.3890675241999999,-0.15294117640000005,-0.7882352941076818,-1.0,0.0
-1.0,-1.0,1.0,-1.0,-1.0,-1.0,-1.0,-1.0,-1.0,-1.0,-1.0,-1.0,-1.0,-1.0,-1.0,-1.0,1.0,-1.0,-1.0,0.8941935484000001,0.41902136460000006,0.5583225655309527,-0.7076648842,0.5819935691999998,-0.5294117648,-0.9058823530308652,-1.0,0.0004950314
-1.0,-1.0,1.0,-1.0,-1.0,-1.0,-1.0,-1.0,-1.0,-1.0,-1.0,-1.0,-1.0,-1.0,1.0,-1.0,-1.0,-1.0,-1.0,0.824516129,0.7401791868,0.7833901092371542,-0.6541889484000001,-0.22829582000000004,0.3647058824,-0.5764705882153635,-1.0,0.0
-1.0,-1.0,1.0,-1.0,-1.0,-1.0,-1.0,-1.0,-1.0,-1.0,-1.0,-1.0,-1.0,-1.0,1.0,-1.0,-1.0,-1.0,-1.0,0.935483871,0.5851137146000001,0.6581698577686905,-0.7005347594,0.3762057878,-0.10588235299999993,-0.2705882353539101,-1.0,0.00589454
-1.0,-1.0,-1.0,1.0,-1.0,-1.0,-1.0,-1.0,-1.0,-1.0,-1.0,-1.0,1.0,-1.0,-1.0,-1.0,-1.0,-1.0,-1.0,0.8683870968,-0.37835975180000003,0.7122048631965281,-0.743315508,0.08681672019999986,-0.27058823519999997,-0.6941176471385468,-1.0,0.00030251919999999997
-1.0,-1.0,-1.0,1.0,-1.0,-1.0,-1.0,-1.0,-1.0,-1.0,-1.0,-1.0,1.0,-1.0,-1.0,-1.0,-1.0,-1.0,-1.0,0.8477419354,0.9910406616,0.9875484553110423,-0.7361853832,-0.09967845659999996,0.011764705799999886,-0.364705882323045,-1.0,0.0
-1.0,-1.0,1.0,-1.0,-1.0,-1.0,-1.0,-1.0,-1.0,-1.0,-1.0,-1.0,-1.0,-1.0,-1.0,-1.0,1.0,-1.0,-1.0,0.8941935484000001,0.41902136460000006,0.5583225655309527,-0.7076648842,0.49839228300000005,-0.6705882352,-0.7882352941076818,-1.0,0.0011275714
-1.0,-1.0,-1.0,-1.0,1.0,-1.0,-1.0,-1.0,-1.0,-1.0,-1.0,-1.0,-1.0,-1.0,-1.0,-1.0,1.0,-1.0,-1.0,0.7858064516000001,-0.8359751896000001,-0.924116057835214,-0.8680926916,-0.44051446939999994,0.15294117639999993,-0.4823529412462285,-1.0,0.0030710278000000003
-1.0,-1.0,-1.0,-1.0,-1.0,-1.0,1.0,-1.0,-1.0,-1.0,-1.0,-1.0,1.0,-1.0,-1.0,-1.0,-1.0,-1.0,-1.0,0.8580645162,-0.45003445899999994,-0.1565840479169346,-0.4010695188000001,-0.18971061099999997,0.48235294120000005,0.6705882351844983,-1.0,0.0
-1.0,-1.0,-1.0,1.0,-1.0,-1.0,-1.0,-1.0,-1.0,-1.0,-1.0,-1.0,1.0,-1.0,-1.0,-1.0,-1.0,-1.0,-1.0,0.8477419354,0.9910406616,0.9875484553110423,-0.7361853832,-0.09967845659999996,0.011764705799999886,-0.364705882323045,-1.0,0.009130578299999999
-1.0,-1.0,1.0,-1.0,-1.0,-1.0,-1.0,-1.0,-1.0,-1.0,-1.0,-1.0,-1.0,-1.0,-1.0,1.0,-1.0,-1.0,-1.0,0.9432258063999999,-0.677463818,-0.7852695878470815,-0.6185383244,-0.028938906800000108,0.5294117647999999,-0.15294117643072658,-1.0,0.0
-1.0,-1.0,1.0,-1.0,-1.0,-1.0,-1.0,-1.0,-1.0,-1.0,-1.0,-1.0,-1.0,-1.0,-1.0,1.0,-1.0,-1.0,-1.0,0.8916129032,0.3928325291999999,0.5392928463082367,-0.7112299466,0.08681672019999986,0.294117647,-0.6941176471385468,-1.0,0.0
1.0,-1.0,-1.0,-1.0,-1.0,-1.0,-1.0,-1.0,-1.0,-1.0,-1.0,-1.0,-1.0,-1.0,-1.0,-1.0,-1.0,1.0,-1.0,0.9277419353999998,-0.88835286,-0.9553623870208109,-0.6470588236,-0.5691318328,-0.5294117648,0.6705882351844983,-1.0,0.0
-1.0,-1.0,-1.0,1.0,-1.0,-1.0,-1.0,-1.0,-1.0,-1.0,-1.0,-1.0,-1.0,-1.0,-1.0,-1.0,-1.0,1.0,-1.0,0.8322580646000002,0.9558924880000002,0.9610008222496054,-0.6399286988,-0.46623794220000003,0.45882352940000004,-0.2705882353539101,-1.0,0.0
-1.0,-1.0,1.0,-1.0,-1.0,-1.0,-1.0,-1.0,-1.0,-1.0,-1.0,-1.0,-1.0,-1.0,-1.0,1.0,-1.0,-1.0,-1.0,0.8812903226,0.24190213640000002,0.4183014213114511,-0.7290552584000001,0.09967845659999996,0.08235294120000014,-0.05882352946159175,-1.0,0.0
-1.0,-1.0,1.0,-1.0,-1.0,-1.0,-1.0,-1.0,-1.0,-1.0,-1.0,-1.0,-1.0,-1.0,-1.0,-1.0,-1.0,1.0,-1.0,0.9741935483999999,0.4927636113999998,0.5992012216909455,-0.35828877000000003,0.3633440513999999,-0.19999999999999996,0.05882352946159175,-1.0,0.00589454
-1.0,-1.0,1.0,-1.0,-1.0,-1.0,-1.0,-1.0,-1.0,-1.0,-1.0,-1.0,1.0,-1.0,-1.0,-1.0,-1.0,-1.0,-1.0,0.8529032258000002,0.34872501720000004,0.504992364682002,-0.4188948306,-0.38263665599999996,0.7176470587999999,-0.05882352946159175,-1.0,0.0089013971
-1.0,-1.0,1.0,-1.0,-1.0,-1.0,-1.0,-1.0,-1.0,-1.0,-1.0,-1.0,-1.0,-1.0,-1.0,-1.0,1.0,-1.0,-1.0,0.8787096774,0.6340454858000002,0.694584752730929,-0.7326203208,-0.003215434000000017,0.17647058819999994,-0.2705882353539101,-1.0,0.0
-1.0,-1.0,1.0,-1.0,-1.0,-1.0,-1.0,-1.0,-1.0,-1.0,-1.0,-1.0,-1.0,-1.0,-1.0,-1.0,-1.0,-1.0,1.0,0.824516129,0.8270158512000001,0.8653823564835452,-0.8003565062,-0.022508038599999947,-0.08235294120000003,-0.4823529412462285,-1.0,0.0
-1.0,-1.0,1.0,-1.0,-1.0,-1.0,-1.0,-1.0,-1.0,-1.0,-1.0,-1.0,-1.0,-1.0,-1.0,-1.0,-1.0,-1.0,1.0,0.8812903226,0.7043418332,0.7490896276109191,-0.7754010696,-0.06109324760000001,-0.03529411760000001,-0.4823529412462285,-1.0,0.0
-1.0,-1.0,-1.0,-1.0,-1.0,-1.0,1.0,-1.0,-1.0,-1.0,-1.0,-1.0,-1.0,-1.0,-1.0,-1.0,1.0,-1.0,-1.0,0.9587096774000001,0.09510682280000005,0.31070128030858624,-0.40463458119999995,0.009646302199999957,-0.22352941180000008,-0.5764705882153635,-1.0,0.0
-1.0,-1.0,1.0,-1.0,-1.0,-1.0,-1.0,-1.0,-1.0,-1.0,-1.0,-1.0,-1.0,-1.0,-1.0,-1.0,-1.0,-1.0,1.0,0.8812903226,0.7043418332,0.7490896276109191,-0.7754010696,-0.07395498400000011,0.03529411760000012,-0.5764705882153635,-1.0,0.0
-1.0,-1.0,1.0,-1.0,-1.0,-1.0,-1.0,-1.0,-1.0,-1.0,-1.0,-1.0,-1.0,-1.0,-1.0,-1.0,-1.0,1.0,-1.0,0.8838709678000001,0.3115093040000001,0.47210149181288363,-0.7219251336,0.13826366560000003,-0.17647058819999994,-0.2705882353539101,-1.0,0.0758589711
-1.0,-1.0,1.0,-1.0,-1.0,-1.0,-1.0,-1.0,-1.0,-1.0,-1.0,-1.0,-1.0,-1.0,1.0,-1.0,-1.0,-1.0,-1.0,0.935483871,0.5851137146000001,0.6581698577686905,-0.7005347594,0.073954984,0.15294117639999993,-0.05882352946159175,-1.0,0.0030435261
-1.0,-1.0,1.0,-1.0,-1.0,-1.0,-1.0,-1.0,-1.0,-1.0,-1.0,-1.0,-1.0,-1.0,1.0,-1.0,-1.0,-1.0,-1.0,0.8812903226,0.8793935218,0.9025020556240131,-0.725490196,-0.14469453379999997,0.3411764706,0.6705882351844983,-1.0,0.0017784460000000001
-1.0,-1.0,1.0,-1.0,-1.0,-1.0,-1.0,-1.0,-1.0,-1.0,-1.0,-1.0,-1.0,-1.0,1.0,-1.0,-1.0,-1.0,-1.0,0.935483871,0.5851137146000001,0.6581698577686905,-0.7005347594,0.073954984,0.15294117639999993,-0.05882352946159175,-1.0,0.0
-1.0,-1.0,1.0,-1.0,-1.0,-1.0,-1.0,-1.0,-1.0,-1.0,-1.0,-1.0,-1.0,-1.0,1.0,-1.0,-1.0,-1.0,-1.0,0.935483871,0.5851137146000001,0.6581698577686905,-0.7005347594,0.073954984,0.15294117639999993,-0.05882352946159175,-1.0,0.0
-1.0,-1.0,-1.0,1.0,-1.0,-1.0,-1.0,-1.0,-1.0,-1.0,-1.0,-1.0,-1.0,-1.0,-1.0,1.0,-1.0,-1.0,-1.0,0.8658064515999999,0.8966230186000002,0.9165981439964925,-0.7468805704,-0.2090032154000001,0.4352941175999998,0.5764705882153633,-1.0,0.0034010487
-1.0,-1.0,-1.0,-1.0,-1.0,-1.0,-1.0,1.0,-1.0,-1.0,-1.0,-1.0,-1.0,1.0,-1.0,-1.0,-1.0,-1.0,-1.0,0.455483871,-0.977257064,-0.983789498491846,-0.9322638146,-0.845659164,0.5764705881999999,0.27058823535390997,-1.0,0.0049411463
-1.0,-1.0,-1.0,-1.0,-1.0,-1.0,-1.0,1.0,-1.0,-1.0,-1.0,-1.0,-1.0,1.0,-1.0,-1.0,-1.0,-1.0,-1.0,0.455483871,-0.977257064,-0.983789498491846,-0.9322638146,-0.8135048232,0.45882352940000004,0.05882352946159175,-1.0,0.0019617909
-1.0,-1.0,-1.0,-1.0,-1.0,-1.0,-1.0,1.0,-1.0,-1.0,-1.0,-1.0,-1.0,-1.0,1.0,-1.0,-1.0,-1.0,-1.0,0.569032258,-0.9827705032,-0.9859039118278495,-0.9358288770000001,-0.845659164,0.03529411760000012,-1.0,-1.0,0.006270397099999999
1.0,-1.0,-1.0,-1.0,-1.0,-1.0,-1.0,-1.0,-1.0,-1.0,-1.0,-1.0,-1.0,-1.0,-1.0,-1.0,1.0,-1.0,-1.0,0.7677419353999999,-0.9035148174000001,-0.9351579937670553,-0.7468805704,-0.48553054659999995,-0.294117647,0.15294117643072647,-1.0,0.0029151846
1.0,-1.0,-1.0,-1.0,-1.0,-1.0,-1.0,-1.0,-1.0,-1.0,-1.0,-1.0,-1.0,-1.0,-1.0,-1.0,-1.0,1.0,-1.0,0.8451612903999999,-0.8800827016,-0.925290731866254,-0.7397504455999999,-0.42122186500000003,-0.3882352942,0.05882352946159175,-1.0,0.0050878222
1.0,-1.0,-1.0,-1.0,-1.0,-1.0,-1.0,-1.0,-1.0,-1.0,-1.0,-1.0,-1.0,-1.0,-1.0,-1.0,-1.0,-1.0,1.0,0.8735483869999998,-0.8656099241999999,-0.9196522966374596,-0.696969697,-0.2861736334,-0.7176470588,-0.364705882323045,-1.0,0.0060595504000000005
-1.0,-1.0,-1.0,-1.0,1.0,-1.0,-1.0,-1.0,-1.0,-1.0,-1.0,-1.0,-1.0,-1.0,-1.0,1.0,-1.0,-1.0,-1.0,0.8658064515999999,-0.9069607168,-0.9617056268284924,-0.5614973262,-0.26045016079999994,-0.5764705882000001,1.0,-1.0,0.0560393825
-1.0,-1.0,-1.0,-1.0,1.0,-1.0,-1.0,-1.0,-1.0,-1.0,-1.0,-1.0,-1.0,-1.0,-1.0,1.0,-1.0,-1.0,-1.0,0.8658064515999999,-0.9069607168,-0.9617056268284924,-0.5614973262,-0.009646302199999957,-0.7176470588,0.15294117643072647,-1.0,0.0
-1.0,-1.0,-1.0,-1.0,-1.0,-1.0,-1.0,-1.0,-1.0,-1.0,1.0,-1.0,1.0,-1.0,-1.0,-1.0,-1.0,-1.0,-1.0,0.8296774194000001,-0.8325292902,-0.8487019853229097,-0.7967914438,0.016077170400000007,-0.4117647058,-0.2705882353539101,-1.0,0.0352755675
-1.0,-1.0,-1.0,-1.0,-1.0,1.0,-1.0,-1.0,-1.0,-1.0,-1.0,-1.0,-1.0,-1.0,-1.0,-1.0,1.0,-1.0,-1.0,0.793548387,-0.34458993799999993,-0.483848232123283,-0.8324420678,-0.2218649518000001,0.5058823530000001,-0.2705882353539101,-1.0,0.0017784460000000001
-1.0,-1.0,-1.0,-1.0,-1.0,1.0,-1.0,-1.0,-1.0,-1.0,-1.0,-1.0,-1.0,-1.0,1.0,-1.0,-1.0,-1.0,-1.0,0.8529032258000002,-0.5864920744,-0.4284036181386578,-0.6648841353999999,0.4340836012,-0.17647058819999994,-0.4823529412462285,-1.0,0.0644640827
-1.0,-1.0,-1.0,-1.0,-1.0,1.0,-1.0,-1.0,-1.0,-1.0,-1.0,-1.0,-1.0,-1.0,-1.0,-1.0,-1.0,-1.0,1.0,0.9174193547999998,-0.29221226739999995,-0.2778104076397968,-0.614973262,0.5562700963999998,-0.5294117648,-0.5764705882153635,-1.0,0.0092405852
-1.0,-1.0,-1.0,-1.0,-1.0,1.0,-1.0,-1.0,-1.0,-1.0,-1.0,-1.0,-1.0,-1.0,-1.0,-1.0,-1.0,-1.0,1.0,0.935483871,-0.1688490695999999,-0.1991072477604492,-0.35828877000000003,0.31832797420000003,-0.4117647058,1.0,-1.0,0.0029243519
-1.0,-1.0,-1.0,-1.0,-1.0,-1.0,1.0,-1.0,-1.0,-1.0,-1.0,-1.0,-1.0,-1.0,-1.0,-1.0,-1.0,-1.0,1.0,0.9303225806,-0.4197105444,-0.09385645481966443,-0.6470588236,0.6077170418,-0.694117647,-0.9058823530308652,-1.0,0.0016134354999999998
-1.0,-1.0,-1.0,-1.0,-1.0,-1.0,1.0,-1.0,-1.0,-1.0,-1.0,-1.0,-1.0,-1.0,-1.0,1.0,-1.0,-1.0,-1.0,0.935483871,-0.30944176439999993,-0.02713497017712152,-0.47593582880000007,0.5369774919999999,-0.294117647,-0.2705882353539101,-1.0,0.006747094
-1.0,-1.0,-1.0,-1.0,-1.0,-1.0,1.0,-1.0,-1.0,-1.0,-1.0,-1.0,-1.0,-1.0,-1.0,1.0,-1.0,-1.0,-1.0,0.935483871,-0.30944176439999993,-0.02713497017712152,-0.47593582880000007,0.028938906800000108,0.5764705881999999,-0.15294117643072658,-1.0,0.0020259616
-1.0,-1.0,-1.0,-1.0,-1.0,-1.0,1.0,-1.0,-1.0,-1.0,-1.0,-1.0,-1.0,-1.0,-1.0,-1.0,1.0,-1.0,-1.0,0.8193548388,-0.2915230876,-0.00787031602800059,-0.7718360072,0.3118971062,-0.011764705799999997,-0.05882352946159175,-1.0,0.2553353379
-1.0,-1.0,-1.0,-1.0,-1.0,-1.0,1.0,-1.0,-1.0,-1.0,-1.0,-1.0,-1.0,-1.0,-1.0,-1.0,-1.0,-1.0,1.0,0.9225806452,-0.21915920060000005,0.29378597442187426,-0.661319073,0.8006430868000001,-0.7647058823999999,-0.15294117643072658,-1.0,0.002520993
-1.0,-1.0,-1.0,-1.0,-1.0,-1.0,1.0,-1.0,-1.0,-1.0,-1.0,-1.0,-1.0,-1.0,-1.0,-1.0,-1.0,-1.0,1.0,0.9225806452,-0.21915920060000005,0.29378597442187426,-0.661319073,0.8006430868000001,-0.8352941175999999,-0.05882352946159175,-1.0,0.0
-1.0,-1.0,1.0,-1.0,-1.0,-1.0,-1.0,-1.0,-1.0,-1.0,-1.0,-1.0,-1.0,-1.0,-1.0,1.0,-1.0,-1.0,-1.0,0.966451613,-0.1095796001999999,0.35745330662377905,-0.4973262032,0.3633440513999999,-0.4117647058,0.15294117643072647,-1.0,0.0011825749000000001
-1.0,-1.0,1.0,-1.0,-1.0,-1.0,-1.0,-1.0,-1.0,-1.0,-1.0,-1.0,-1.0,-1.0,-1.0,1.0,-1.0,-1.0,-1.0,0.966451613,-0.1095796001999999,0.35745330662377905,-0.4973262032,0.8520900322,-0.7176470588,0.05882352946159175,-1.0,0.0
-1.0,-1.0,1.0,-1.0,-1.0,-1.0,-1.0,-1.0,-1.0,-1.0,-1.0,-1.0,-1.0,-1.0,-1.0,1.0,-1.0,-1.0,-1.0,0.966451613,-0.1095796001999999,0.35745330662377905,-0.4973262032,0.9871382636000001,-0.7647058823999999,-0.2705882353539101,-1.0,0.024229034500000003
-1.0,-1.0,1.0,-1.0,-1.0,-1.0,-1.0,-1.0,-1.0,-1.0,-1.0,-1.0,-1.0,-1.0,-1.0,-1.0,1.0,-1.0,-1.0,0.9690322580000001,-0.07374224680000008,0.37906730883497985,-0.2406417112,0.8263665594,-0.694117647,-0.364705882323045,-1.0,0.0018976201999999999
-1.0,-1.0,1.0,-1.0,-1.0,-1.0,-1.0,-1.0,-1.0,-1.0,-1.0,-1.0,-1.0,1.0,-1.0,-1.0,-1.0,-1.0,-1.0,0.9716129031999998,-0.03376981400000001,0.4013861154247391,-0.3689839572,0.40836012860000004,-0.3411764706,0.27058823535390997,-1.0,0.0018334495000000002
-1.0,-1.0,1.0,-1.0,-1.0,-1.0,-1.0,-1.0,-1.0,-1.0,-1.0,-1.0,-1.0,1.0,-1.0,-1.0,-1.0,-1.0,-1.0,0.9716129031999998,-0.03376981400000001,0.4013861154247391,-0.3689839572,0.5562700963999998,-0.5529411764000001,-0.364705882323045,-1.0,0.015034285500000001
-1.0,-1.0,1.0,-1.0,-1.0,-1.0,-1.0,-1.0,-1.0,-1.0,-1.0,-1.0,-1.0,1.0,-1.0,-1.0,-1.0,-1.0,-1.0,0.9716129031999998,-0.03376981400000001,0.4013861154247391,-0.3689839572,0.10610932480000002,0.3176470588,0.5764705882153633,-1.0,0.042811044699999995
-1.0,-1.0,1.0,-1.0,-1.0,-1.0,-1.0,-1.0,-1.0,-1.0,-1.0,-1.0,-1.0,-1.0,-1.0,-1.0,-1.0,1.0,-1.0,0.9716129031999998,-0.03376981400000001,0.4013861154247391,-0.3689839572,0.18327974279999992,0.011764705799999886,-0.9058823530308652,-1.0,0.0
-1.0,-1.0,1.0,-1.0,-1.0,-1.0,-1.0,-1.0,-1.0,-1.0,-1.0,-1.0,-1.0,-1.0,-1.0,-1.0,-1.0,1.0,-1.0,0.9716129031999998,-0.03376981400000001,0.4013861154247391,-0.3689839572,0.7041800644,-0.5764705882000001,-0.2705882353539101,-1.0,0.0
-1.0,-1.0,1.0,-1.0,-1.0,-1.0,-1.0,-1.0,-1.0,-1.0,-1.0,-1.0,-1.0,-1.0,-1.0,-1.0,-1.0,-1.0,1.0,0.9896774194,0.03997243279999996,0.4443791847204064,-0.5080213903999999,0.9421221863999998,-0.8588235294,-0.15294117643072658,-1.0,0.0
-1.0,-1.0,1.0,-1.0,-1.0,-1.0,-1.0,-1.0,-1.0,-1.0,-1.0,-1.0,1.0,-1.0,-1.0,-1.0,-1.0,-1.0,-1.0,0.9922580646000001,0.08132322540000003,0.4666979913101654,-0.59714795,0.9421221863999998,-0.7176470588,-0.6941176471385468,-1.0,0.0
-1.0,-1.0,1.0,-1.0,-1.0,-1.0,-1.0,-1.0,-1.0,-1.0,-1.0,-1.0,1.0,-1.0,-1.0,-1.0,-1.0,-1.0,-1.0,0.9922580646000001,0.08132322540000003,0.4666979913101654,-0.59714795,0.6270096463999999,-0.6705882352,-0.15294117643072658,-1.0,0.0397125151
-1.0,-1.0,1.0,-1.0,-1.0,-1.0,-1.0,-1.0,-1.0,-1.0,-1.0,-1.0,-1.0,-1.0,1.0,-1.0,-1.0,-1.0,-1.0,0.9948387096,0.12267401799999988,0.4887818629735192,-0.5008912656,0.8392282958000001,-0.6470588236,-0.05882352946159175,-1.0,0.0078746654
-1.0,-1.0,1.0,-1.0,-1.0,-1.0,-1.0,-1.0,-1.0,-1.0,-1.0,-1.0,-1.0,-1.0,-1.0,-1.0,1.0,-1.0,-1.0,1.0,0.20192970360000007,0.5329496065005557,-0.4010695188000001,0.39549839219999994,-0.3647058824,-0.6941176471385468,-1.0,0.0
-1.0,-1.0,1.0,-1.0,-1.0,-1.0,-1.0,-1.0,-1.0,-1.0,-1.0,-1.0,-1.0,-1.0,-1.0,-1.0,1.0,-1.0,-1.0,1.0,0.20192970360000007,0.5329496065005557,-0.4010695188000001,0.9549839228000001,-0.7411764705999999,-0.4823529412462285,-1.0,0.0025393275
-1.0,-1.0,1.0,-1.0,-1.0,-1.0,-1.0,-1.0,-1.0,-1.0,-1.0,-1.0,-1.0,1.0,-1.0,-1.0,-1.0,-1.0,-1.0,0.9974193547999999,0.24052377680000014,0.5550334781639092,-0.4901960784,0.9356913184,-0.7176470588,-0.6941176471385468,-1.0,0.013457519
-1.0,-1.0,1.0,-1.0,-1.0,-1.0,-1.0,-1.0,-1.0,-1.0,-1.0,-1.0,-1.0,1.0,-1.0,-1.0,-1.0,-1.0,-1.0,0.9974193547999999,0.24052377680000014,0.5550334781639092,-0.4901960784,1.0,-0.7411764705999999,-0.5764705882153635,-1.0,0.0371640204
-1.0,-1.0,1.0,-1.0,-1.0,-1.0,-1.0,-1.0,-1.0,-1.0,-1.0,-1.0,-1.0,1.0,-1.0,-1.0,-1.0,-1.0,-1.0,0.9974193547999999,0.24052377680000014,0.5550334781639092,-0.4901960784,0.61414791,0.12941176479999994,-0.05882352946159175,1.0,0.0099189615
-1.0,-1.0,1.0,-1.0,-1.0,-1.0,-1.0,-1.0,-1.0,-1.0,-1.0,-1.0,-1.0,1.0,-1.0,-1.0,-1.0,-1.0,-1.0,0.9974193547999999,0.24052377680000014,0.5550334781639092,-0.4901960784,0.24758842439999995,0.17647058819999994,-0.05882352946159175,-0.75,0.0
-1.0,-1.0,1.0,-1.0,-1.0,-1.0,-1.0,-1.0,-1.0,-1.0,-1.0,-1.0,-1.0,1.0,-1.0,-1.0,-1.0,-1.0,-1.0,0.9974193547999999,0.24052377680000014,0.5550334781639092,-0.4901960784,0.24758842439999995,0.17647058819999994,-0.05882352946159175,-0.75,0.0
-1.0,-1.0,1.0,-1.0,-1.0,-1.0,-1.0,-1.0,-1.0,-1.0,-1.0,-1.0,-1.0,1.0,-1.0,-1.0,-1.0,-1.0,-1.0,0.9974193547999999,0.24052377680000014,0.5550334781639092,-0.4901960784,0.18971061099999997,0.27058823519999997,-0.05882352946159175,-0.875,0.0
-1.0,-1.0,1.0,-1.0,-1.0,-1.0,-1.0,-1.0,-1.0,-1.0,-1.0,-1.0,-1.0,-1.0,-1.0,-1.0,-1.0,1.0,-1.0,0.9561290322,-0.04686423159999997,0.5970868083549421,-0.2869875222,0.7363344052,-0.6470588236,-0.05882352946159175,-1.0,0.0017876132
-1.0,-1.0,1.0,-1.0,-1.0,-1.0,-1.0,-1.0,-1.0,-1.0,-1.0,-1.0,-1.0,-1.0,-1.0,-1.0,-1.0,1.0,-1.0,0.9561290322,-0.04686423159999997,0.5970868083549421,-0.2869875222,0.7170418006000001,-0.6705882352,-0.05882352946159175,-1.0,0.0454603792
-1.0,-1.0,1.0,-1.0,-1.0,-1.0,-1.0,-1.0,-1.0,-1.0,-1.0,-1.0,-1.0,-1.0,-1.0,-1.0,-1.0,-1.0,1.0,0.8658064515999999,0.1171605790000001,0.7270057559475656,-0.6399286988,0.575562701,-0.5294117648,-0.7882352941076818,-1.0,0.0053170034
-1.0,-1.0,1.0,-1.0,-1.0,-1.0,-1.0,-1.0,-1.0,-1.0,-1.0,-1.0,1.0,-1.0,-1.0,-1.0,-1.0,-1.0,-1.0,0.8658064515999999,0.14266023440000009,0.7462704098963575,-0.7468805704,0.04823151120000002,0.3647058824,0.7882352941076818,-1.0,0.0
-1.0,-1.0,1.0,-1.0,-1.0,-1.0,-1.0,-1.0,-1.0,-1.0,-1.0,-1.0,1.0,-1.0,-1.0,-1.0,-1.0,-1.0,-1.0,0.8658064515999999,0.14266023440000009,0.7462704098963575,-0.7468805704,0.5241157556,-0.3882352942,-0.364705882323045,-1.0,0.0
-1.0,-1.0,1.0,-1.0,-1.0,-1.0,-1.0,-1.0,-1.0,-1.0,-1.0,-1.0,1.0,-1.0,-1.0,-1.0,-1.0,-1.0,-1.0,0.8658064515999999,0.14266023440000009,0.7462704098963575,-0.7468805704,0.5241157556,-0.3882352942,-0.364705882323045,-1.0,0.0
-1.0,-1.0,1.0,-1.0,-1.0,-1.0,-1.0,-1.0,-1.0,-1.0,-1.0,-1.0,1.0,-1.0,-1.0,-1.0,-1.0,-1.0,-1.0,0.8658064515999999,0.14266023440000009,0.7462704098963575,-0.7468805704,0.21543408359999994,0.3176470588,0.5764705882153633,-0.5625,0.0019892927
1.0,-1.0,-1.0,-1.0,-1.0,-1.0,-1.0,-1.0,-1.0,-1.0,-1.0,-1.0,1.0,-1.0,-1.0,-1.0,-1.0,-1.0,-1.0,0.7419354837999999,-0.8270158512,-0.8003054153241954,-0.8181818182,-0.61414791,-0.15294117640000005,0.3647058823230449,-1.0,0.0
-1.0,1.0,-1.0,-1.0,-1.0,-1.0,-1.0,-1.0,-1.0,-1.0,-1.0,-1.0,-1.0,1.0,-1.0,-1.0,-1.0,-1.0,-1.0,0.8554838709999999,-0.7636113026,0.5500998473136731,-0.76114082,0.016077170400000007,-0.5764705882000001,-1.0,-1.0,0.0
-1.0,1.0,-1.0,-1.0,-1.0,-1.0,-1.0,-1.0,-1.0,-1.0,-1.0,-1.0,-1.0,-1.0,1.0,-1.0,-1.0,-1.0,-1.0,0.8554838709999999,-0.7064093728,0.5919182425783005,-0.76114082,-0.20257234719999995,-0.5764705882000001,-0.9058823530308652,-1.0,0.0
1.0,-1.0,-1.0,-1.0,-1.0,-1.0,-1.0,-1.0,-1.0,-1.0,-1.0,-1.0,1.0,-1.0,-1.0,-1.0,-1.0,-1.0,-1.0,0.8838709678000001,-0.77808408,-0.8397744627270719,-0.6791443850000001,-0.6077170418,0.9294117648,-0.2705882353539101,-0.9375,0.0
1.0,-1.0,-1.0,-1.0,-1.0,-1.0,-1.0,-1.0,-1.0,-1.0,-1.0,-1.0,-1.0,-1.0,-1.0,1.0,-1.0,-1.0,-1.0,0.8219354837999999,-0.6540317022,-0.7817455657539616,-0.6577540106,-0.40836012860000004,0.9764705882,-0.7882352941076818,-1.0,0.0
-1.0,-1.0,1.0,-1.0,-1.0,-1.0,-1.0,-1.0,-1.0,-1.0,-1.0,-1.0,-1.0,-1.0,-1.0,1.0,-1.0,-1.0,-1.0,0.8993548387999999,-0.4197105444,0.12463291435277934,-0.47593582880000007,0.2861736334,-0.6705882352,0.05882352946159175,-1.0,0.0
-1.0,-1.0,1.0,-1.0,-1.0,-1.0,-1.0,-1.0,-1.0,-1.0,-1.0,-1.0,-1.0,-1.0,-1.0,-1.0,1.0,-1.0,-1.0,0.8993548387999999,-0.39490006899999996,0.14248795954445503,-0.696969697,0.40836012860000004,-0.7176470588,-0.4823529412462285,-1.0,0.0
-1.0,-1.0,1.0,-1.0,-1.0,-1.0,-1.0,-1.0,-1.0,-1.0,-1.0,-1.0,-1.0,-1.0,-1.0,-1.0,1.0,-1.0,-1.0,0.8787096774,-0.005513439000000009,0.4070245506535335,-0.6185383244,-0.6270096464,0.6705882352000001,-0.6941176471385468,-1.0,0.0
-1.0,-1.0,-1.0,1.0,-1.0,-1.0,-1.0,-1.0,-1.0,-1.0,-1.0,-1.0,-1.0,1.0,-1.0,-1.0,-1.0,-1.0,-1.0,0.8658064515999999,-0.11509303920000002,0.6053095265722217,-0.7504456328,-0.2990353698,0.12941176479999994,0.05882352946159175,-1.0,0.0
-1.0,-1.0,-1.0,1.0,-1.0,-1.0,-1.0,-1.0,-1.0,-1.0,-1.0,-1.0,-1.0,-1.0,1.0,-1.0,-1.0,-1.0,-1.0,0.9045161290000001,-0.4011026878,0.6194056149447009,-0.7468805704,0.32475884239999986,-0.4117647058,-0.2705882353539101,-1.0,0.0
-1.0,-1.0,-1.0,1.0,-1.0,-1.0,-1.0,-1.0,-1.0,-1.0,-1.0,-1.0,-1.0,-1.0,1.0,-1.0,-1.0,-1.0,-1.0,0.9045161290000001,-0.4011026878,0.6194056149447009,-0.7468805704,0.003215434000000128,-0.15294117640000005,0.4823529412462284,-1.0,0.0
-1.0,-1.0,-1.0,1.0,-1.0,-1.0,-1.0,-1.0,-1.0,-1.0,-1.0,-1.0,-1.0,-1.0,1.0,-1.0,-1.0,-1.0,-1.0,0.9122580646,-0.5031013094,0.6532362269184542,-0.19429590019999998,0.09967845659999996,-0.45882352939999993,-0.2705882353539101,-1.0,0.0
-1.0,-1.0,1.0,-1.0,-1.0,-1.0,-1.0,-1.0,-1.0,-1.0,-1.0,-1.0,1.0,-1.0,-1.0,-1.0,-1.0,-1.0,-1.0,0.15612903219999996,-0.5196416264,0.5411723247178353,-0.9714795008,-0.04823151120000002,0.3411764706,0.3647058823230449,-1.0,0.0
-1.0,-1.0,-1.0,1.0,-1.0,-1.0,-1.0,-1.0,-1.0,-1.0,-1.0,-1.0,-1.0,-1.0,-1.0,-1.0,1.0,-1.0,-1.0,0.8632258063999998,-0.13576843560000007,0.5909785034736657,-0.7504456328,0.22829582000000004,-0.3647058824,-0.6941176471385468,-1.0,0.0
-1.0,-1.0,-1.0,1.0,-1.0,-1.0,-1.0,-1.0,-1.0,-1.0,-1.0,-1.0,-1.0,-1.0,-1.0,-1.0,-1.0,1.0,-1.0,0.9148387096000001,-0.0889042040000001,0.6217549630067809,-0.6720142602,0.5562700963999998,-0.8588235294,-0.15294117643072658,-1.0,0.0
-1.0,-1.0,-1.0,1.0,-1.0,-1.0,-1.0,-1.0,-1.0,-1.0,-1.0,-1.0,1.0,-1.0,-1.0,-1.0,-1.0,-1.0,-1.0,0.9251612904,-0.03445899379999995,0.6553506402544578,-0.504456328,0.33118971060000013,-0.3176470588,0.05882352946159175,-1.0,0.0
1.0,-1.0,-1.0,-1.0,-1.0,-1.0,-1.0,-1.0,-1.0,-1.0,-1.0,-1.0,-1.0,-1.0,1.0,-1.0,-1.0,-1.0,-1.0,0.8838709678000001,-0.760854583,-0.832021614162274,-0.7219251336,-0.17041800640000004,-0.7176470588,0.05882352946159175,-1.0,0.0
-1.0,1.0,-1.0,-1.0,-1.0,-1.0,-1.0,-1.0,-1.0,-1.0,-1.0,-1.0,-1.0,-1.0,-1.0,-1.0,1.0,-1.0,-1.0,0.7083870968000001,-0.7815299794,0.53858804172935,-0.8930481284,-0.06752411579999995,-0.24705882359999998,-0.05882352946159175,-1.0,0.0
1.0,-1.0,-1.0,-1.0,-1.0,-1.0,-1.0,-1.0,-1.0,-1.0,-1.0,-1.0,-1.0,-1.0,-1.0,-1.0,-1.0,1.0,-1.0,0.8193548388,-0.8152997932,-0.8555150945827441,-0.7754010696,-0.11897106099999999,-0.5294117648,-0.2705882353539101,-1.0,0.0
-1.0,-1.0,-1.0,-1.0,1.0,-1.0,-1.0,-1.0,-1.0,-1.0,-1.0,-1.0,-1.0,-1.0,1.0,-1.0,-1.0,-1.0,-1.0,0.744516129,-0.8187456926000001,-0.7937272407904375,-0.8181818182,-0.5434083602,-0.3176470588,-0.15294117643072658,-1.0,0.0
-1.0,-1.0,-1.0,1.0,-1.0,-1.0,-1.0,-1.0,-1.0,-1.0,-1.0,-1.0,-1.0,1.0,-1.0,-1.0,-1.0,-1.0,-1.0,0.8658064515999999,-0.11509303920000002,0.6053095265722217,-0.7504456328,0.03536977499999994,-0.4117647058,-0.5764705882153635,-1.0,0.0
-1.0,-1.0,-1.0,1.0,-1.0,-1.0,-1.0,-1.0,-1.0,-1.0,-1.0,-1.0,-1.0,-1.0,-1.0,-1.0,1.0,-1.0,-1.0,0.8864516130000002,-0.46657477599999997,0.6797838599798911,-0.6720142602,0.08681672019999986,-0.45882352939999993,-0.5764705882153635,-1.0,0.0
-1.0,-1.0,-1.0,-1.0,-1.0,1.0,-1.0,-1.0,-1.0,-1.0,-1.0,-1.0,-1.0,-1.0,-1.0,1.0,-1.0,-1.0,-1.0,0.9509677419999998,-0.343900758,-0.5519793257232711,1.0,0.2090032154000001,-0.3176470588,-0.15294117643072658,-1.0,0.0
-1.0,-1.0,1.0,-1.0,-1.0,-1.0,-1.0,-1.0,-1.0,-1.0,-1.0,-1.0,-1.0,-1.0,1.0,-1.0,-1.0,-1.0,-1.0,0.8451612903999999,-0.24328049620000003,0.2406907082990002,-0.778966132,0.11254019300000007,-0.3411764706,0.15294117643072647,-1.0,0.0
-1.0,-1.0,1.0,-1.0,-1.0,-1.0,-1.0,-1.0,-1.0,-1.0,-1.0,-1.0,-1.0,-1.0,1.0,-1.0,-1.0,-1.0,-1.0,0.9303225806,-0.04686423159999997,0.37413367778441486,-0.27629233519999996,0.38263665599999985,-0.6,0.15294117643072647,-1.0,0.0
-1.0,-1.0,1.0,-1.0,-1.0,-1.0,-1.0,-1.0,-1.0,-1.0,-1.0,-1.0,-1.0,-1.0,-1.0,1.0,-1.0,-1.0,-1.0,0.8761290321999999,-0.026188835199999927,0.3910489838714557,-0.6221033868,-0.09324758840000003,0.05882352939999991,0.05882352946159175,-1.0,0.0
-1.0,-1.0,-1.0,1.0,-1.0,-1.0,-1.0,-1.0,-1.0,-1.0,-1.0,-1.0,1.0,-1.0,-1.0,-1.0,-1.0,-1.0,-1.0,0.9019354838,-0.19503790480000005,0.5475155643251879,-0.5650623886,0.08038585200000004,-0.5529411764000001,0.15294117643072647,-1.0,0.0
-1.0,-1.0,-1.0,1.0,-1.0,-1.0,-1.0,-1.0,-1.0,-1.0,-1.0,-1.0,-1.0,-1.0,-1.0,-1.0,1.0,-1.0,-1.0,0.8632258063999998,-0.13576843560000007,0.5909785034736657,-0.7504456328,0.10610932480000002,-0.22352941180000008,-0.9058823530308652,-1.0,0.0
-1.0,-1.0,-1.0,1.0,-1.0,-1.0,-1.0,-1.0,-1.0,-1.0,-1.0,-1.0,-1.0,-1.0,1.0,-1.0,-1.0,-1.0,-1.0,0.9277419353999998,-0.005513439000000009,0.6729707505197278,-0.7112299466,0.8006430868000001,-0.7882352942,-0.5764705882153635,-1.0,0.0
-1.0,-1.0,-1.0,1.0,-1.0,-1.0,-1.0,-1.0,-1.0,-1.0,-1.0,-1.0,-1.0,-1.0,-1.0,1.0,-1.0,-1.0,-1.0,0.9303225806,0.021364576200000096,0.6898860566067693,-0.7112299466,0.32475884239999986,-0.43529411760000003,-0.364705882323045,-1.0,0.0
-1.0,-1.0,-1.0,1.0,-1.0,-1.0,-1.0,-1.0,-1.0,-1.0,-1.0,-1.0,1.0,-1.0,-1.0,-1.0,-1.0,-1.0,-1.0,0.9509677419999998,-0.4210889042,0.6046047221936635,-0.43315508020000004,0.4919614148,-0.7882352942,-0.364705882323045,-1.0,0.0
-1.0,-1.0,-1.0,1.0,-1.0,-1.0,-1.0,-1.0,-1.0,-1.0,-1.0,-1.0,-1.0,-1.0,-1.0,-1.0,1.0,-1.0,-1.0,0.8038709678,-0.3749138526,0.6459532480061381,-0.7468805704,-0.42122186500000003,0.48235294120000005,0.5764705882153633,-1.0,0.0
-1.0,-1.0,-1.0,1.0,-1.0,-1.0,-1.0,-1.0,-1.0,-1.0,-1.0,-1.0,1.0,-1.0,-1.0,-1.0,-1.0,-1.0,-1.0,0.8038709678,-0.527222605,0.6386702688934933,-0.7932263814,0.18327974279999992,-0.48235294119999994,-0.7882352941076818,-1.0,0.0
-1.0,-1.0,-1.0,1.0,-1.0,-1.0,-1.0,-1.0,-1.0,-1.0,-1.0,-1.0,-1.0,-1.0,-1.0,1.0,-1.0,-1.0,-1.0,0.8838709678000001,-0.48656099240000006,0.6656877716074119,-0.7219251336,-0.003215434000000017,-0.43529411760000003,-0.364705882323045,-1.0,0.0
-1.0,-1.0,-1.0,1.0,-1.0,-1.0,-1.0,-1.0,-1.0,-1.0,-1.0,-1.0,-1.0,-1.0,-1.0,-1.0,1.0,-1.0,-1.0,0.8864516130000002,-0.46657477599999997,0.6797838599798911,-0.6720142602,0.2218649518,-0.6,-0.5764705882153635,-1.0,0.0
-1.0,-1.0,-1.0,1.0,-1.0,-1.0,-1.0,-1.0,-1.0,-1.0,-1.0,-1.0,-1.0,1.0,-1.0,-1.0,-1.0,-1.0,-1.0,0.8477419354,-0.45141281880000006,0.6936450134259653,-0.7754010696,0.028938906800000108,0.10588235299999993,-0.15294117643072658,-1.0,0.0
-1.0,1.0,-1.0,-1.0,-1.0,-1.0,-1.0,-1.0,-1.0,-1.0,-1.0,-1.0,-1.0,1.0,-1.0,-1.0,-1.0,-1.0,-1.0,0.8554838709999999,-0.7636113026,0.5500998473136731,-0.76114082,0.2540192926,-0.7882352942,-0.15294117643072658,-1.0,0.0
-1.0,1.0,-1.0,-1.0,-1.0,-1.0,-1.0,-1.0,-1.0,-1.0,-1.0,-1.0,1.0,-1.0,-1.0,-1.0,-1.0,-1.0,-1.0,0.8400000000000001,-0.7215713302,0.5818160459514228,-0.6898395721999999,-0.4147909968,0.05882352939999991,0.05882352946159175,-1.0,0.0
-1.0,1.0,-1.0,-1.0,-1.0,-1.0,-1.0,-1.0,-1.0,-1.0,-1.0,-1.0,-1.0,-1.0,1.0,-1.0,-1.0,-1.0,-1.0,0.8554838709999999,-0.7064093728,0.5919182425783005,-0.76114082,0.003215434000000128,-0.7176470588,-0.2705882353539101,-1.0,0.0
1.0,-1.0,-1.0,-1.0,-1.0,-1.0,-1.0,-1.0,-1.0,-1.0,-1.0,-1.0,-1.0,1.0,-1.0,-1.0,-1.0,-1.0,-1.0,0.7909677419999999,-0.8304617506,-0.8630330084214656,-0.8645276292,-0.23472668819999998,-0.3411764706,-0.5764705882153635,-1.0,0.0
-1.0,-1.0,-1.0,-1.0,-1.0,-1.0,1.0,-1.0,-1.0,-1.0,-1.0,-1.0,-1.0,1.0,-1.0,-1.0,-1.0,-1.0,-1.0,0.569032258,-0.5899379738,-0.1603430049364597,-0.9465240642,0.3569131831999999,-0.48235294119999994,-0.4823529412462285,-1.0,0.0
-1.0,-1.0,1.0,-1.0,-1.0,-1.0,-1.0,-1.0,-1.0,-1.0,-1.0,-1.0,-1.0,-1.0,1.0,-1.0,-1.0,-1.0,-1.0,0.8451612903999999,-0.3397656788000001,0.44461411964681163,-0.6827094474,0.04180064299999997,-0.3647058824,0.3647058823230449,-1.0,0.0
-1.0,-1.0,1.0,-1.0,-1.0,-1.0,-1.0,-1.0,-1.0,-1.0,-1.0,-1.0,-1.0,1.0,-1.0,-1.0,-1.0,-1.0,-1.0,0.9638709677999999,-0.26119917299999995,0.4984141899479151,-0.393939394,-0.07395498400000011,-0.08235294120000003,0.05882352946159175,-1.0,0.0
-1.0,-1.0,-1.0,1.0,-1.0,-1.0,-1.0,-1.0,-1.0,-1.0,-1.0,-1.0,-1.0,-1.0,1.0,-1.0,-1.0,-1.0,-1.0,0.9045161290000001,-0.4011026878,0.6194056149447009,-0.7468805704,0.11897106099999988,-0.22352941180000008,-0.5764705882153635,-1.0,0.0
-1.0,-1.0,-1.0,1.0,-1.0,-1.0,-1.0,-1.0,-1.0,-1.0,-1.0,-1.0,-1.0,-1.0,-1.0,-1.0,-1.0,1.0,-1.0,0.8425806452000002,-0.4362508614,0.7065664277674049,-0.778966132,-0.3118971062,0.3882352941999998,-0.05882352946159175,-1.0,0.0
-1.0,-1.0,-1.0,1.0,-1.0,-1.0,-1.0,-1.0,-1.0,-1.0,-1.0,-1.0,-1.0,-1.0,-1.0,-1.0,-1.0,1.0,-1.0,0.9509677419999998,-0.4210889042,0.6046047221936635,-0.43315508020000004,0.5241157556,-0.7882352942,-0.2705882353539101,-1.0,0.0
-1.0,-1.0,-1.0,1.0,-1.0,-1.0,-1.0,-1.0,-1.0,-1.0,-1.0,-1.0,-1.0,-1.0,-1.0,-1.0,1.0,-1.0,-1.0,0.8632258063999998,-0.13576843560000007,0.5909785034736657,-0.7504456328,-0.196141479,0.294117647,-0.364705882323045,-1.0,0.0
-1.0,-1.0,-1.0,-1.0,-1.0,-1.0,1.0,-1.0,-1.0,-1.0,-1.0,-1.0,-1.0,-1.0,-1.0,-1.0,1.0,-1.0,-1.0,0.9483870968000001,-0.578221916,0.018677317033436447,-0.6078431371999999,0.33762057879999996,-0.505882353,-0.4823529412462285,-1.0,0.0
1.0,-1.0,-1.0,-1.0,-1.0,-1.0,-1.0,-1.0,-1.0,-1.0,-1.0,-1.0,-1.0,-1.0,-1.0,-1.0,1.0,-1.0,-1.0,0.7677419353999999,-0.8428669882,-0.8698461178816288,-0.853832442,-0.38263665599999996,-0.5294117648,-0.7882352941076818,-1.0,0.0
1.0,-1.0,-1.0,-1.0,-1.0,-1.0,-1.0,-1.0,-1.0,-1.0,-1.0,-1.0,-1.0,-1.0,-1.0,-1.0,1.0,-1.0,-1.0,0.7780645162,-0.6478290834,-0.7779866087344364,-0.8217468806,-0.4340836012,-0.27058823519999997,0.15294117643072647,-1.0,0.0
-1.0,-1.0,-1.0,1.0,-1.0,-1.0,-1.0,-1.0,-1.0,-1.0,-1.0,-1.0,-1.0,-1.0,-1.0,-1.0,-1.0,-1.0,1.0,0.9148387096000001,-0.0634045486,0.6377305297888585,-0.6720142602,0.196141479,-0.9529411764,-0.9058823530308652,-1.0,0.0
-1.0,-1.0,1.0,-1.0,-1.0,-1.0,-1.0,-1.0,-1.0,-1.0,-1.0,-1.0,-1.0,-1.0,-1.0,1.0,-1.0,-1.0,-1.0,0.8451612903999999,-0.3211578222,0.4610595558810422,-0.7754010696,0.24115755620000012,-0.5529411764000001,-0.6941176471385468,-1.0,0.0
-1.0,-1.0,1.0,-1.0,-1.0,-1.0,-1.0,-1.0,-1.0,-1.0,-1.0,-1.0,-1.0,-1.0,-1.0,-1.0,-1.0,1.0,-1.0,0.8941935484000001,-0.24121295659999997,0.5148596263824743,-0.6577540106,0.17041800640000004,-0.3647058824,-0.05882352946159175,-1.0,0.0
-1.0,-1.0,1.0,-1.0,-1.0,-1.0,-1.0,-1.0,-1.0,-1.0,-1.0,-1.0,-1.0,-1.0,-1.0,-1.0,-1.0,1.0,-1.0,0.8941935484000001,-0.24121295659999997,0.5148596263824743,-0.6577540106,0.17041800640000004,-0.3647058824,-0.05882352946159175,-1.0,0.0
-1.0,-1.0,1.0,-1.0,-1.0,-1.0,-1.0,-1.0,-1.0,-1.0,-1.0,-1.0,-1.0,-1.0,-1.0,-1.0,-1.0,-1.0,1.0,0.8838709678000001,-0.2198483804000001,0.5317749324695153,-0.7754010696,-0.009646302199999957,-0.294117647,-0.364705882323045,-1.0,0.0
-1.0,-1.0,-1.0,1.0,-1.0,-1.0,-1.0,-1.0,-1.0,-1.0,-1.0,-1.0,-1.0,-1.0,-1.0,-1.0,-1.0,-1.0,1.0,0.9148387096000001,-0.0634045486,0.6377305297888585,-0.6720142602,0.6398713826,-0.7882352942,-0.6941176471385468,-1.0,0.0
-1.0,-1.0,-1.0,1.0,-1.0,-1.0,-1.0,-1.0,-1.0,-1.0,-1.0,-1.0,-1.0,1.0,-1.0,-1.0,-1.0,-1.0,-1.0,0.8477419354,-0.45141281880000006,0.6936450134259653,-0.7754010696,0.003215434000000128,0.12941176479999994,-0.05882352946159175,-1.0,0.0
-1.0,1.0,-1.0,-1.0,-1.0,-1.0,-1.0,-1.0,-1.0,-1.0,-1.0,-1.0,-1.0,-1.0,-1.0,1.0,-1.0,-1.0,-1.0,0.9070967741999998,-0.6871123364,0.6034300481626234,-0.6862745098,-0.2540192926,-0.17647058819999994,-0.5764705882153635,-1.0,0.0
-1.0,-1.0,-1.0,-1.0,-1.0,-1.0,-1.0,1.0,-1.0,-1.0,-1.0,-1.0,-1.0,-1.0,-1.0,-1.0,1.0,-1.0,-1.0,0.6851612904,-0.9434872502,-0.9419711030268897,-0.9251336898,-0.24758842439999995,-0.4117647058,0.05882352946159175,-1.0,0.0
-1.0,-1.0,-1.0,-1.0,-1.0,-1.0,-1.0,1.0,-1.0,-1.0,-1.0,-1.0,1.0,-1.0,-1.0,-1.0,-1.0,-1.0,-1.0,0.7522580646000001,-0.916609235,-0.9208269706684995,-0.8110516934,-0.35048231520000006,-0.15294117640000005,-1.0,-1.0,0.0
1.0,-1.0,-1.0,-1.0,-1.0,-1.0,-1.0,-1.0,-1.0,-1.0,-1.0,-1.0,-1.0,-1.0,-1.0,1.0,-1.0,-1.0,-1.0,0.8219354837999999,-0.6540317022,-0.7817455657539616,-0.6577540106,-0.4019292604,-0.43529411760000003,0.15294117643072647,-1.0,0.0
1.0,-1.0,-1.0,-1.0,-1.0,-1.0,-1.0,-1.0,-1.0,-1.0,-1.0,-1.0,-1.0,-1.0,-1.0,1.0,-1.0,-1.0,-1.0,0.8219354837999999,-0.6540317022,-0.7817455657539616,-0.6577540106,-0.7877813504,0.03529411760000012,0.27058823535390997,-1.0,0.0
-1.0,-1.0,1.0,-1.0,-1.0,-1.0,-1.0,-1.0,-1.0,-1.0,-1.0,-1.0,-1.0,-1.0,-1.0,-1.0,-1.0,-1.0,1.0,0.9174193547999998,-0.488628532,0.07435686594446689,-0.725490196,0.06752411579999995,-0.5294117648,-0.05882352946159175,-1.0,0.0
-1.0,-1.0,1.0,-1.0,-1.0,-1.0,-1.0,-1.0,-1.0,-1.0,-1.0,-1.0,-1.0,-1.0,-1.0,1.0,-1.0,-1.0,-1.0,0.8451612903999999,-0.3211578222,0.4610595558810422,-0.7754010696,0.196141479,-0.5764705882000001,-0.5764705882153635,-1.0,0.0
-1.0,-1.0,1.0,-1.0,-1.0,-1.0,-1.0,-1.0,-1.0,-1.0,-1.0,-1.0,-1.0,-1.0,-1.0,-1.0,1.0,-1.0,-1.0,0.8683870968,-0.29634734659999995,0.4789146012730465,-0.7932263814,0.3440514469999998,-0.6235294118,-0.4823529412462285,-1.0,0.0
-1.0,-1.0,1.0,-1.0,-1.0,-1.0,-1.0,-1.0,-1.0,-1.0,-1.0,-1.0,-1.0,-1.0,-1.0,-1.0,-1.0,-1.0,1.0,0.8838709678000001,-0.2198483804000001,0.5317749324695153,-0.7754010696,0.05466237940000007,-0.3176470588,-0.15294117643072658,-1.0,0.0
-1.0,-1.0,-1.0,1.0,-1.0,-1.0,-1.0,-1.0,-1.0,-1.0,-1.0,-1.0,1.0,-1.0,-1.0,-1.0,-1.0,-1.0,-1.0,0.9019354838,-0.19503790480000005,0.5475155643251879,-0.5650623886,0.33762057879999996,-0.48235294119999994,-0.15294117643072658,-1.0,0.0
-1.0,-1.0,-1.0,1.0,-1.0,-1.0,-1.0,-1.0,-1.0,-1.0,-1.0,-1.0,1.0,-1.0,-1.0,-1.0,-1.0,-1.0,-1.0,0.9019354838,-0.19503790480000005,0.5475155643251879,-0.5650623886,0.11897106099999988,-0.5764705882000001,0.05882352946159175,-1.0,0.0
-1.0,-1.0,-1.0,1.0,-1.0,-1.0,-1.0,-1.0,-1.0,-1.0,-1.0,-1.0,1.0,-1.0,-1.0,-1.0,-1.0,-1.0,-1.0,0.9019354838,-0.19503790480000005,0.5475155643251879,-0.5650623886,0.11897106099999988,-0.5764705882000001,0.27058823535390997,-1.0,0.0
1.0,-1.0,-1.0,-1.0,-1.0,-1.0,-1.0,-1.0,-1.0,-1.0,-1.0,-1.0,1.0,-1.0,-1.0,-1.0,-1.0,-1.0,-1.0,0.8838709678000001,-0.77808408,-0.8397744627270719,-0.6791443850000001,-0.03536977500000005,-0.7411764705999999,-0.15294117643072658,-1.0,0.0
1.0,-1.0,-1.0,-1.0,-1.0,-1.0,-1.0,-1.0,-1.0,-1.0,-1.0,-1.0,1.0,-1.0,-1.0,-1.0,-1.0,-1.0,-1.0,0.8709677419999999,-0.6747070986,-0.7920826971069158,-0.5543672014000001,-0.12540192920000004,-0.7176470588,0.5764705882153633,-1.0,0.0
-1.0,-1.0,-1.0,1.0,-1.0,-1.0,-1.0,-1.0,-1.0,-1.0,-1.0,-1.0,1.0,-1.0,-1.0,-1.0,-1.0,-1.0,-1.0,0.9509677419999998,-0.4210889042,0.6046047221936635,-0.43315508020000004,-0.003215434000000017,-0.48235294119999994,-0.364705882323045,-1.0,0.0
1.0,-1.0,-1.0,-1.0,-1.0,-1.0,-1.0,-1.0,-1.0,-1.0,-1.0,-1.0,1.0,-1.0,-1.0,-1.0,-1.0,-1.0,-1.0,0.8838709678000001,-0.77808408,-0.8397744627270719,-0.6791443850000001,-0.13826366560000003,-0.7647058823999999,0.27058823535390997,-1.0,0.0
-1.0,-1.0,1.0,-1.0,-1.0,-1.0,-1.0,-1.0,-1.0,-1.0,-1.0,-1.0,-1.0,1.0,-1.0,-1.0,-1.0,-1.0,-1.0,0.8090322580000002,0.007580978600000066,0.4218254434045712,-0.6791443850000001,-0.028938906800000108,-0.3411764706,-0.15294117643072658,-1.0,0.0
-1.0,-1.0,-1.0,1.0,-1.0,-1.0,-1.0,-1.0,-1.0,-1.0,-1.0,-1.0,1.0,-1.0,-1.0,-1.0,-1.0,-1.0,-1.0,0.9251612904,-0.03445899379999995,0.6553506402544578,-0.504456328,0.6334405143999999,-0.6470588236,-0.9058823530308652,-1.0,0.0
-1.0,-1.0,-1.0,-1.0,-1.0,-1.0,-1.0,1.0,-1.0,-1.0,-1.0,-1.0,-1.0,-1.0,-1.0,-1.0,-1.0,-1.0,1.0,0.6903225806,-0.960716747,-0.9593562787664125,-0.725490196,-0.7106109324000001,0.5058823530000001,-0.4823529412462285,-1.0,0.0
-1.0,-1.0,-1.0,-1.0,-1.0,-1.0,-1.0,1.0,-1.0,-1.0,-1.0,-1.0,1.0,-1.0,-1.0,-1.0,-1.0,-1.0,-1.0,0.7522580646000001,-0.916609235,-0.9208269706684995,-0.8110516934,-0.13183279739999998,-0.3411764706,-0.4823529412462285,-1.0,0.0
1.0,-1.0,-1.0,-1.0,-1.0,-1.0,-1.0,-1.0,-1.0,-1.0,-1.0,-1.0,-1.0,-1.0,-1.0,-1.0,1.0,-1.0,-1.0,0.7780645162,-0.6478290834,-0.7779866087344364,-0.8217468806,-0.6077170418,0.3411764706,-0.4823529412462285,-1.0,0.0
-1.0,-1.0,1.0,-1.0,-1.0,-1.0,-1.0,-1.0,-1.0,-1.0,-1.0,-1.0,1.0,-1.0,-1.0,-1.0,-1.0,-1.0,-1.0,0.8425806452000002,-0.2632667126,0.2228356631073245,-0.5543672014000001,-0.196141479,0.19999999999999996,-0.5764705882153635,-1.0,0.0
-1.0,-1.0,1.0,-1.0,-1.0,-1.0,-1.0,-1.0,-1.0,-1.0,-1.0,-1.0,-1.0,1.0,-1.0,-1.0,-1.0,-1.0,-1.0,0.8658064515999999,-0.17229496900000008,0.29754493124107073,-0.7504456328,0.24758842439999995,-0.905882353,0.3647058823230449,-1.0,0.0
-1.0,-1.0,1.0,-1.0,-1.0,-1.0,-1.0,-1.0,-1.0,-1.0,-1.0,-1.0,-1.0,-1.0,-1.0,1.0,-1.0,-1.0,-1.0,0.8761290321999999,-0.026188835199999927,0.3910489838714557,-0.6221033868,0.11254019300000007,-0.43529411760000003,0.27058823535390997,-1.0,0.0
-1.0,-1.0,1.0,-1.0,-1.0,-1.0,-1.0,-1.0,-1.0,-1.0,-1.0,-1.0,-1.0,-1.0,-1.0,1.0,-1.0,-1.0,-1.0,0.8451612903999999,-0.3211578222,0.4610595558810422,-0.7754010696,0.009646302199999957,-0.3176470588,-0.6941176471385468,-1.0,0.0
-1.0,-1.0,1.0,-1.0,-1.0,-1.0,-1.0,-1.0,-1.0,-1.0,-1.0,-1.0,-1.0,1.0,-1.0,-1.0,-1.0,-1.0,-1.0,0.9638709677999999,-0.26119917299999995,0.4984141899479151,-0.393939394,0.05466237940000007,-0.15294117640000005,-0.15294117643072658,-1.0,0.0
-1.0,-1.0,1.0,-1.0,-1.0,-1.0,-1.0,-1.0,-1.0,-1.0,-1.0,-1.0,-1.0,-1.0,-1.0,-1.0,-1.0,1.0,-1.0,0.8941935484000001,-0.24121295659999997,0.5148596263824743,-0.6577540106,-0.07395498400000011,-0.24705882359999998,-1.0,-1.0,0.0
-1.0,-1.0,1.0,-1.0,-1.0,-1.0,-1.0,-1.0,-1.0,-1.0,-1.0,-1.0,-1.0,-1.0,-1.0,-1.0,-1.0,-1.0,1.0,0.8838709678000001,-0.2198483804000001,0.5317749324695153,-0.7754010696,0.15755626999999994,-0.294117647,-0.364705882323045,-1.0,0.0
-1.0,-1.0,-1.0,1.0,-1.0,-1.0,-1.0,-1.0,-1.0,-1.0,-1.0,-1.0,-1.0,-1.0,-1.0,-1.0,-1.0,-1.0,1.0,0.9148387096000001,-0.0634045486,0.6377305297888585,-0.6720142602,0.24115755620000012,-1.0,-1.0,-1.0,0.0
-1.0,-1.0,-1.0,1.0,-1.0,-1.0,-1.0,-1.0,-1.0,-1.0,-1.0,-1.0,-1.0,-1.0,-1.0,-1.0,-1.0,-1.0,1.0,0.9148387096000001,-0.0634045486,0.6377305297888585,-0.6720142602,0.4919614148,-0.7176470588,-0.6941176471385468,-1.0,0.0
-1.0,-1.0,-1.0,1.0,-1.0,-1.0,-1.0,-1.0,-1.0,-1.0,-1.0,-1.0,-1.0,-1.0,-1.0,-1.0,-1.0,-1.0,1.0,0.9148387096000001,-0.0634045486,0.6377305297888585,-0.6720142602,0.2990353698000001,-0.5529411764000001,-0.6941176471385468,-1.0,0.0
-1.0,-1.0,-1.0,1.0,-1.0,-1.0,-1.0,-1.0,-1.0,-1.0,-1.0,-1.0,-1.0,-1.0,-1.0,1.0,-1.0,-1.0,-1.0,0.9303225806,0.021364576200000096,0.6898860566067693,-0.7112299466,0.48553054659999995,-0.505882353,-0.364705882323045,-1.0,0.0
1.0,-1.0,-1.0,-1.0,-1.0,-1.0,-1.0,-1.0,-1.0,-1.0,-1.0,-1.0,-1.0,-1.0,1.0,-1.0,-1.0,-1.0,-1.0,0.8838709678000001,-0.760854583,-0.832021614162274,-0.7219251336,-0.022508038599999947,-0.7647058823999999,-0.05882352946159175,-1.0,0.0
-1.0,-1.0,1.0,-1.0,-1.0,-1.0,-1.0,-1.0,-1.0,-1.0,-1.0,-1.0,-1.0,-1.0,1.0,-1.0,-1.0,-1.0,-1.0,0.8451612903999999,-0.3397656788000001,0.44461411964681163,-0.6827094474,-0.196141479,0.03529411760000012,0.15294117643072647,-1.0,0.0
1.0,-1.0,-1.0,-1.0,-1.0,-1.0,-1.0,-1.0,-1.0,-1.0,-1.0,-1.0,1.0,-1.0,-1.0,-1.0,-1.0,-1.0,-1.0,0.8838709678000001,-0.760854583,-0.832021614162274,-0.7219251336,-0.022508038599999947,-0.7882352942,0.05882352946159175,-1.0,0.0
-1.0,-1.0,1.0,-1.0,-1.0,-1.0,-1.0,-1.0,-1.0,-1.0,-1.0,-1.0,-1.0,-1.0,-1.0,1.0,-1.0,-1.0,-1.0,0.8993548387999999,-0.4197105444,0.12463291435277934,-0.47593582880000007,0.196141479,-0.6,0.27058823535390997,-1.0,0.0
-1.0,-1.0,1.0,-1.0,-1.0,-1.0,-1.0,-1.0,-1.0,-1.0,-1.0,-1.0,-1.0,-1.0,-1.0,1.0,-1.0,-1.0,-1.0,0.8761290321999999,-0.026188835199999927,0.3910489838714557,-0.6221033868,0.028938906800000108,-0.3411764706,-0.05882352946159175,-1.0,0.0
-1.0,-1.0,1.0,-1.0,-1.0,-1.0,-1.0,-1.0,-1.0,-1.0,-1.0,-1.0,-1.0,-1.0,-1.0,-1.0,1.0,-1.0,-1.0,0.8683870968,-0.29634734659999995,0.4789146012730465,-0.7932263814,0.3633440513999999,-0.8352941175999999,-0.5764705882153635,-1.0,0.0
-1.0,-1.0,-1.0,1.0,-1.0,-1.0,-1.0,-1.0,-1.0,-1.0,-1.0,-1.0,-1.0,-1.0,-1.0,1.0,-1.0,-1.0,-1.0,0.8322580646000002,-0.3873190902,0.6330318336646987,-0.8288770054,0.003215434000000128,0.15294117639999993,-0.9058823530308652,-1.0,0.0
-1.0,-1.0,-1.0,-1.0,-1.0,-1.0,-1.0,1.0,-1.0,-1.0,-1.0,-1.0,-1.0,-1.0,1.0,-1.0,-1.0,-1.0,-1.0,0.6825806452000001,-0.9524465886,-0.9508986256227275,-0.9073083778,-0.32475884239999997,-0.22352941180000008,-0.7882352941076818,-1.0,0.0
1.0,-1.0,-1.0,-1.0,-1.0,-1.0,-1.0,-1.0,-1.0,-1.0,-1.0,-1.0,-1.0,-1.0,1.0,-1.0,-1.0,-1.0,-1.0,0.29806451619999996,-0.9910406616,-0.9854340421753678,-0.9750445632,-0.022508038599999947,-0.7882352942,0.05882352946159175,-1.0,0.0
-1.0,-1.0,1.0,-1.0,-1.0,-1.0,-1.0,-1.0,-1.0,-1.0,-1.0,-1.0,-1.0,-1.0,-1.0,1.0,-1.0,-1.0,-1.0,0.8761290321999999,-0.026188835199999927,0.3910489838714557,-0.6221033868,-0.39549839219999994,0.6941176469999999,-0.15294117643072658,-1.0,0.0
-1.0,-1.0,1.0,-1.0,-1.0,-1.0,-1.0,-1.0,-1.0,-1.0,-1.0,-1.0,-1.0,-1.0,-1.0,1.0,-1.0,-1.0,-1.0,0.8761290321999999,-0.026188835199999927,0.3910489838714557,-0.6221033868,0.13183279739999998,-0.43529411760000003,0.05882352946159175,-1.0,0.0
-1.0,-1.0,1.0,-1.0,-1.0,-1.0,-1.0,-1.0,-1.0,-1.0,-1.0,-1.0,-1.0,-1.0,-1.0,1.0,-1.0,-1.0,-1.0,0.8761290321999999,-0.026188835199999927,0.3910489838714557,-0.6221033868,0.13183279739999998,-0.43529411760000003,0.05882352946159175,-1.0,0.0
-1.0,-1.0,1.0,-1.0,-1.0,-1.0,-1.0,-1.0,-1.0,-1.0,-1.0,-1.0,-1.0,1.0,-1.0,-1.0,-1.0,-1.0,-1.0,0.8090322580000002,0.007580978600000066,0.4218254434045712,-0.6791443850000001,-0.21543408360000005,0.19999999999999996,0.05882352946159175,-1.0,0.0
-1.0,-1.0,1.0,-1.0,-1.0,-1.0,-1.0,-1.0,-1.0,-1.0,-1.0,-1.0,-1.0,1.0,-1.0,-1.0,-1.0,-1.0,-1.0,0.9638709677999999,-0.26119917299999995,0.4984141899479151,-0.393939394,0.15112540200000013,-0.4117647058,-0.2705882353539101,-1.0,0.0
-1.0,-1.0,-1.0,1.0,-1.0,-1.0,-1.0,-1.0,-1.0,-1.0,-1.0,-1.0,-1.0,-1.0,1.0,-1.0,-1.0,-1.0,-1.0,0.9045161290000001,-0.1729841487999999,0.5625513920026304,-0.6934046346,0.40836012860000004,-0.6705882352,-0.15294117643072658,-1.0,0.0
-1.0,-1.0,-1.0,-1.0,-1.0,-1.0,-1.0,-1.0,1.0,-1.0,-1.0,-1.0,-1.0,-1.0,1.0,-1.0,-1.0,-1.0,-1.0,0.6361290321999999,-0.9820813232,-1.0,-0.8966131908,-0.8006430868,0.48235294120000005,-0.4823529412462285,-1.0,0.0
1.0,-1.0,-1.0,-1.0,-1.0,-1.0,-1.0,-1.0,-1.0,-1.0,-1.0,-1.0,1.0,-1.0,-1.0,-1.0,-1.0,-1.0,-1.0,0.7341935484,-0.8731909028,-0.8872312934208227,-0.9001782532,-0.32475884239999997,-0.12941176480000005,0.27058823535390997,-1.0,0.0
1.0,-1.0,-1.0,-1.0,-1.0,-1.0,-1.0,-1.0,-1.0,-1.0,-1.0,-1.0,-1.0,-1.0,-1.0,-1.0,-1.0,-1.0,1.0,0.8761290321999999,-0.7960027568,-0.8472923763654645,-0.7326203208,0.028938906800000108,-0.6705882352,-0.4823529412462285,-1.0,0.0
-1.0,-1.0,1.0,-1.0,-1.0,-1.0,-1.0,-1.0,-1.0,-1.0,-1.0,-1.0,-1.0,-1.0,-1.0,1.0,-1.0,-1.0,-1.0,0.8451612903999999,-0.3211578222,0.4610595558810422,-0.7754010696,0.23472668819999987,-0.5764705882000001,-0.4823529412462285,-1.0,0.0
-1.0,-1.0,-1.0,1.0,-1.0,-1.0,-1.0,-1.0,-1.0,-1.0,-1.0,-1.0,-1.0,-1.0,1.0,-1.0,-1.0,-1.0,-1.0,0.9045161290000001,-0.4011026878,0.6194056149447009,-0.7468805704,0.1639871382,-0.294117647,-0.4823529412462285,-1.0,0.0
-1.0,-1.0,-1.0,1.0,-1.0,-1.0,-1.0,-1.0,-1.0,-1.0,-1.0,-1.0,-1.0,-1.0,-1.0,-1.0,1.0,-1.0,-1.0,0.8038709678,-0.3749138526,0.6459532480061381,-0.7468805704,-0.022508038599999947,-0.03529411760000001,0.05882352946159175,-1.0,0.0
1.0,-1.0,-1.0,-1.0,-1.0,-1.0,-1.0,-1.0,-1.0,-1.0,-1.0,-1.0,1.0,-1.0,-1.0,-1.0,-1.0,-1.0,-1.0,0.7341935484,-0.8731909028,-0.8872312934208227,-0.9001782532,-0.26045016079999994,-0.3411764706,0.15294117643072647,-1.0,0.0
1.0,-1.0,-1.0,-1.0,-1.0,-1.0,-1.0,-1.0,-1.0,-1.0,-1.0,-1.0,1.0,-1.0,-1.0,-1.0,-1.0,-1.0,-1.0,0.8838709678000001,-0.77808408,-0.8397744627270719,-0.6791443850000001,0.06752411579999995,-0.9294117648,-0.15294117643072658,-1.0,0.0
-1.0,-1.0,-1.0,1.0,-1.0,-1.0,-1.0,-1.0,-1.0,-1.0,-1.0,-1.0,-1.0,-1.0,-1.0,1.0,-1.0,-1.0,-1.0,0.8322580646000002,-0.3873190902,0.6330318336646987,-0.8288770054,0.32475884239999986,-0.43529411760000003,-0.364705882323045,-1.0,0.0
-1.0,-1.0,-1.0,1.0,-1.0,-1.0,-1.0,-1.0,-1.0,-1.0,-1.0,-1.0,-1.0,-1.0,-1.0,-1.0,1.0,-1.0,-1.0,0.8864516130000002,-0.46657477599999997,0.6797838599798911,-0.6720142602,0.073954984,-0.5294117648,-0.5764705882153635,-1.0,0.0
1.0,-1.0,-1.0,-1.0,-1.0,-1.0,-1.0,-1.0,-1.0,-1.0,-1.0,-1.0,-1.0,1.0,-1.0,-1.0,-1.0,-1.0,-1.0,0.7909677419999999,-0.8304617506,-0.8630330084214656,-0.8645276292,-0.12540192920000004,-0.7176470588,0.5764705882153633,-1.0,0.0
1.0,-1.0,-1.0,-1.0,-1.0,-1.0,-1.0,-1.0,-1.0,-1.0,-1.0,-1.0,-1.0,1.0,-1.0,-1.0,-1.0,-1.0,-1.0,0.7909677419999999,-0.8304617506,-0.8630330084214656,-0.8645276292,-0.14469453379999997,-0.7176470588,0.27058823535390997,-1.0,0.0
1.0,-1.0,-1.0,-1.0,-1.0,-1.0,-1.0,-1.0,-1.0,-1.0,-1.0,-1.0,-1.0,-1.0,1.0,-1.0,-1.0,-1.0,-1.0,0.8838709678000001,-0.760854583,-0.832021614162274,-0.7219251336,-0.39549839219999994,-0.6470588236,0.27058823535390997,-1.0,0.0
1.0,-1.0,-1.0,-1.0,-1.0,-1.0,-1.0,-1.0,-1.0,-1.0,-1.0,-1.0,-1.0,-1.0,1.0,-1.0,-1.0,-1.0,-1.0,0.8838709678000001,-0.760854583,-0.832021614162274,-0.7219251336,-0.16398713819999988,-0.7176470588,-0.05882352946159175,-1.0,0.0
1.0,-1.0,-1.0,-1.0,-1.0,-1.0,-1.0,-1.0,-1.0,-1.0,-1.0,-1.0,-1.0,-1.0,-1.0,-1.0,1.0,-1.0,-1.0,0.8425806452000002,-0.7339765678000001,-0.8183953954422765,-0.778966132,-0.459807074,-0.6470588236,-0.2705882353539101,-1.0,0.0
-1.0,-1.0,1.0,-1.0,-1.0,-1.0,-1.0,-1.0,-1.0,-1.0,-1.0,-1.0,-1.0,-1.0,-1.0,-1.0,-1.0,-1.0,1.0,0.9174193547999998,-0.488628532,0.07435686594446689,-0.725490196,0.11897106099999988,-0.505882353,-0.4823529412462285,-1.0,0.0
-1.0,-1.0,1.0,-1.0,-1.0,-1.0,-1.0,-1.0,-1.0,-1.0,-1.0,-1.0,-1.0,-1.0,-1.0,-1.0,1.0,-1.0,-1.0,0.8787096774,-0.005513439000000009,0.4070245506535335,-0.6185383244,-0.4790996784,0.3882352941999998,-0.6941176471385468,-1.0,0.0
-1.0,-1.0,1.0,-1.0,-1.0,-1.0,-1.0,-1.0,-1.0,-1.0,-1.0,-1.0,-1.0,-1.0,-1.0,-1.0,1.0,-1.0,-1.0,0.8787096774,-0.005513439000000009,0.4070245506535335,-0.6185383244,-0.04180064299999997,-0.3411764706,0.05882352946159175,-1.0,0.0
-1.0,-1.0,-1.0,1.0,-1.0,-1.0,-1.0,-1.0,-1.0,-1.0,-1.0,-1.0,-1.0,-1.0,-1.0,1.0,-1.0,-1.0,-1.0,0.9019354838,-0.1523087526000001,0.5773522847536683,-0.696969697,0.30546623799999995,-0.3647058824,0.05882352946159175,-1.0,0.0
-1.0,-1.0,-1.0,1.0,-1.0,-1.0,-1.0,-1.0,-1.0,-1.0,-1.0,-1.0,-1.0,1.0,-1.0,-1.0,-1.0,-1.0,-1.0,0.695483871,-0.5017229496,0.556678021847431,-0.8859180036,0.009646302199999957,-0.294117647,-0.4823529412462285,-1.0,0.0
-1.0,-1.0,-1.0,1.0,-1.0,-1.0,-1.0,-1.0,-1.0,-1.0,-1.0,-1.0,1.0,-1.0,-1.0,-1.0,-1.0,-1.0,-1.0,0.9509677419999998,-0.4210889042,0.6046047221936635,-0.43315508020000004,0.13183279739999998,-0.17647058819999994,0.05882352946159175,-1.0,0.0
-1.0,1.0,-1.0,-1.0,-1.0,-1.0,-1.0,-1.0,-1.0,-1.0,-1.0,-1.0,-1.0,-1.0,-1.0,1.0,-1.0,-1.0,-1.0,0.9070967741999998,-0.6871123364,0.6034300481626234,-0.6862745098,0.18327974279999992,-0.7882352942,0.05882352946159175,-1.0,0.0
1.0,-1.0,-1.0,-1.0,-1.0,-1.0,-1.0,-1.0,-1.0,-1.0,-1.0,-1.0,-1.0,-1.0,-1.0,-1.0,1.0,-1.0,-1.0,0.7780645162,-0.6478290834,-0.7779866087344364,-0.8217468806,-0.5627009646000001,-0.19999999999999996,-0.6941176471385468,-1.0,0.0
-1.0,-1.0,-1.0,1.0,-1.0,-1.0,-1.0,-1.0,-1.0,-1.0,-1.0,-1.0,1.0,-1.0,-1.0,-1.0,-1.0,-1.0,-1.0,0.9303225806,0.021364576200000096,0.6898860566067693,-0.7112299466,-0.03536977500000005,-0.3411764706,-0.4823529412462285,-1.0,0.0
-1.0,1.0,-1.0,-1.0,-1.0,-1.0,-1.0,-1.0,-1.0,-1.0,-1.0,-1.0,-1.0,-1.0,-1.0,-1.0,-1.0,1.0,-1.0,0.8761290321999999,-0.7463818056,0.5611417830451855,-0.8146167557999999,-0.11897106099999999,-0.27058823519999997,-0.364705882323045,-1.0,0.0
-1.0,1.0,-1.0,-1.0,-1.0,-1.0,-1.0,-1.0,-1.0,-1.0,-1.0,-1.0,-1.0,-1.0,-1.0,1.0,-1.0,-1.0,-1.0,0.9070967741999998,-0.6871123364,0.6034300481626234,-0.6862745098,-0.15112540200000002,-0.5294117648,-1.0,-1.0,0.0
-1.0,-1.0,1.0,-1.0,-1.0,-1.0,-1.0,-1.0,-1.0,-1.0,-1.0,-1.0,-1.0,-1.0,1.0,-1.0,-1.0,-1.0,-1.0,0.9535483869999999,-0.0013783598000000064,0.4222953130570526,-0.59714795,0.5048231512000001,-0.3647058824,-0.2705882353539101,-1.0,0.0
-1.0,-1.0,-1.0,-1.0,-1.0,-1.0,-1.0,-1.0,-1.0,-1.0,-1.0,1.0,-1.0,1.0,-1.0,-1.0,-1.0,-1.0,-1.0,0.569032258,-0.9869055824,-0.771173499474602,-0.9607843138,-0.38263665599999996,-0.6235294118,-0.15294117643072658,-1.0,0.0
